id,name,faction,type,scope,decision,changes,reason,playsBefore,playsAfter
ares_capital_iron_war_camp,Iron War Camp,ARES,CAPITAL,faction,retained,{},Retain the 20-HP Capital and its conditional faction role: The first Character you summon each turn gains +1 Attack until your next turn.,0,0
ares_capital_red_citadel,Red Citadel,ARES,CAPITAL,faction,archetype only,"{""archetypes"": {""after"": [""FORTRESS""], ""before"": []}}",Add or correct a searchable archetype from the card's explicit identity; no automatic stat bonus.,0,0
ares_capital_spearpoint_keep,Spearpoint Keep,ARES,CAPITAL,faction,archetype only,"{""archetypes"": {""after"": [""FORTRESS""], ""before"": []}}",Add or correct a searchable archetype from the card's explicit identity; no automatic stat bonus.,0,0
ares_phobos_pursuer,Phobos Pursuer,ARES,CHARACTER,faction,retained,{},"Retain 1 GP: A2/D1, movement 4, range 1; stats-only body.",49,49
ares_redline_recruit,Redline Recruit,ARES,CHARACTER,faction,mechanical change,"{""defense"": {""after"": 2, ""before"": 1}, ""movement"": {""after"": 2, ""before"": 3}}",Differentiate the durable recruit from the fast Phobos Pursuer.,48,50
ares_keyword_bloodshield_recruit,Bloodshield Recruit,ARES,CHARACTER,faction,archetype only,"{""archetypes"": {""after"": [""HUMAN""], ""before"": []}}",Add or correct a searchable archetype from the card's explicit identity; no automatic stat bonus.,40,39
ares_deimos_raidbike,Deimos Raidbike,ARES,CHARACTER,faction,retained,{},"Retain 2 GP: A3/D1, movement 4, range 1; keyword specialization BLINK.",33,28
ares_spearwall_breaker,Spearwall Breaker,ARES,CHARACTER,faction,retained,{},"Retain 2 GP: A3/D2, movement 3, range 1; stats-only body.",49,49
ares_bronze_arena_veteran,Bronze Arena Veteran,ARES,CHARACTER,faction,retained,{},"Retain 3 GP: A4/D3, movement 2, range 1; stats-only body.",45,43
ares_enyo_demolitionist,Enyo Demolitionist,ARES,CHARACTER,faction,retained,{},"Retain 3 GP: A4/D2, movement 2, range 2; stats-only body.",51,45
ares_fast_first_blood_champion,First-Blood Champion,ARES,CHARACTER,faction,retained,{},"Retain 3 GP: A4/D2, movement 3, range 1; keyword specialization FAST_STRIKE.",43,40
ares_keyword_flashblade_skirmisher,Flashblade Gatecrasher,ARES,CHARACTER,faction,retained,{},"Retain 3 GP: A4/D3, movement 2, range 1; keyword specialization SIEGE.",41,40
ares_spartan_exoframe,Spartan Exoframe,ARES,CHARACTER,faction,archetype only,"{""archetypes"": {""after"": [""AUTOMATON""], ""before"": []}}",Add or correct a searchable archetype from the card's explicit identity; no automatic stat bonus.,32,31
ares_warhound_assault_pack,Warhound Assault Pack,ARES,CHARACTER,faction,retained,{},"Retain 4 GP: A5/D3, movement 4, range 1; stats-only body.",46,43
ares_ares_chariot_pilot,Ares Chariot Pilot,ARES,CHARACTER,faction,retained,{},"Retain 5 GP: A6/D4, movement 4, range 1; keyword specialization BLINK.",27,27
ares_sharp_battlement_javelinist,Battlement Javelinist,ARES,CHARACTER,faction,retained,{},"Retain 5 GP: A5/D4, movement 2, range 2; keyword specialization SHARP_SHOT.",18,19
ares_eris_riot_engine,Eris Riot Engine,ARES,CHARACTER,faction,archetype only,"{""archetypes"": {""after"": [""AUTOMATON""], ""before"": []}}",Add or correct a searchable archetype from the card's explicit identity; no automatic stat bonus.,44,45
ares_keyword_phalanx_breaker,Phalanx Breaker,ARES,CHARACTER,faction,mechanical change,"{""defense"": {""after"": 4, ""before"": 5}}",Fast Strike and high mobility require a defensive tradeoff.,39,38
ares_titanblood_berserker,Titanblood Berserker,ARES,CHARACTER,faction,mechanical change,"{""cost"": {""after"": 5, ""before"": 6}}",Melee attacker without a keyword was behind nearby 5-GP options.,47,46
ares_siege_bronze_gatecrasher,Bronze Gatecrasher,ARES,CHARACTER,faction,retained,{},"Retain 6 GP: A7/D5, movement 2, range 1; keyword specialization SIEGE.",36,38
ares_ability_gate_ravager,Gate Ravager,ARES,CHARACTER,faction,retained,{},"Retain 6 GP: A7/D5, movement 2, range 1; keyword specialization SIEGE.",39,37
ares_keyword_warpath_telearch,Warpath Ram,ARES,CHARACTER,faction,retained,{},"Retain 6 GP: A7/D5, movement 2, range 1; keyword specialization SIEGE.",37,36
ares_ares_avatar_of_war,Ares Avatar of War,ARES,CHARACTER,faction,retained,{},"Retain 7 GP: A8/D6, movement 3, range 1; keyword specialization VANGUARD.",29,30
ares_apex_deimos_cataclysm_rider,Deimos Cataclysm Rider,ARES,CHARACTER,faction,retained,{},"Retain 7 GP: A8/D6, movement 4, range 1; keyword specialization BLINK.",24,25
ares_apex_phobos_terror_titan,Phobos Terror Titan,ARES,CHARACTER,faction,retained,{},"Retain 8 GP: A9/D7, movement 4, range 2; keyword specialization BLINK.",26,24
ares_apex_spartan_last_vanguard,Spartan Last Vanguard,ARES,CHARACTER,faction,retained,{},"Retain 8 GP: A8/D10, movement 2, range 1; keyword specialization VANGUARD.",26,29
ares_keyword_titan_of_the_red_line,Titan of the Red Line,ARES,CHARACTER,faction,retained,{},"Retain 8 GP: A9/D7, movement 3, range 1; keyword specialization FAST_STRIKE.",36,33
ares_apex_enyo_citybreaker,Enyo Citybreaker,ARES,CHARACTER,faction,mechanical change,"{""keywords"": {""after"": [""SIEGE""], ""before"": []}, ""movement"": {""after"": 1, ""before"": 2}}",Make the citybreaker a slow dedicated siege finisher.,45,44
ares_apex_ares_godframe_unbound,Ares Godframe Unbound,ARES,CHARACTER,faction,archetype only,"{""archetypes"": {""after"": [""AUTOMATON""], ""before"": []}}",Add or correct a searchable archetype from the card's explicit identity; no automatic stat bonus.,26,25
ares_crimson_training_yard,Crimson Training Yard,ARES,LAND,faction,retained,{},"Retain turn-1 development: 5 HP, 1 base income, 0 gold; utility offset by activation payment/lower income or a free infrastructure baseline.",65,56
ares_phobos_launch_strip,Phobos Launch Strip,ARES,LAND,faction,retained,{},"Retain turn-1 development: 6 HP, 1 base income, 0 gold; utility offset by activation payment/lower income or a free infrastructure baseline.",62,57
ares_arena_of_burning_bronze,Arena of Burning Bronze,ARES,LAND,faction,retained,{},"Retain turn-1 development: 7 HP, 1 base income, 0 gold; utility offset by activation payment/lower income or a free infrastructure baseline.",56,50
ares_land_muster_field,Muster Field,ARES,LAND,faction,mechanical change,"{""hitPoints"": {""after"": 7, ""before"": 8}}",Keep a free turn-1 option while reducing the strict durability upgrade over earlier lands.,42,40
ares_ability_bloodied_ground,Bloodied Ground,ARES,LAND,faction,retained,{},"Retain turn-2 development: 7 HP, 1 base income, 0 gold; utility offset by activation payment/lower income or a free infrastructure baseline.",38,35
ares_tutor_land_1,First-Blood Muster,ARES,LAND,faction,mechanical change,"{""abilities"": {""after"": [{""amount"": 1, ""effect"": ""DRAW_STRUCTURE"", ""gpCost"": 2, ""trigger"": ""ACTIVATED""}], ""before"": [{""amount"": 1, ""effect"": ""DRAW_STRUCTURE"", ""gpCost"": 1, ""trigger"": ""ACTIVATED""}]}, ""archetypes"": {""after"": [""MUSTER_GROUND""], ""before"": []}}","Standardize typed draw at 2 GP. First two tiers stay free; later tiers pay 1/2/2 gold for durable draw engines, with faction utility on the final two tiers. Add Muster Ground or Recruitment grouping.",38,36
ares_land_red_dust_march,Red Dust March,ARES,LAND,faction,mechanical change,"{""developmentGoldCost"": {""after"": 1, ""before"": 0}, ""keywordValues"": {""after"": {""WAYSTATION"": {""amount"": 1, ""range"": 0}}, ""before"": {}}, ""keywords"": {""after"": [""WAYSTATION""], ""before"": []}}",Add faction-role utility; surcharge pays for the benefit beyond the free income/HP baseline.,38,33
ares_warforge_front,Warforge Front,ARES,LAND,faction,retained,{},"Retain turn-2 development: 9 HP, 1 base income, 0 gold; utility offset by activation payment/lower income or a free infrastructure baseline.",40,43
ares_tutor_land_2,Siegeborn March,ARES,LAND,faction,mechanical change,"{""abilities"": {""after"": [{""amount"": 1, ""effect"": ""DRAW_STRUCTURE"", ""gpCost"": 2, ""trigger"": ""ACTIVATED""}], ""before"": [{""amount"": 1, ""effect"": ""DRAW_STRUCTURE"", ""gpCost"": 1, ""trigger"": ""ACTIVATED""}]}, ""archetypes"": {""after"": [""MUSTER_GROUND""], ""before"": []}}","Standardize typed draw at 2 GP. First two tiers stay free; later tiers pay 1/2/2 gold for durable draw engines, with faction utility on the final two tiers. Add Muster Ground or Recruitment grouping.",34,31
ares_land_conquerors_divide,Conqueror's Divide,ARES,LAND,faction,mechanical change,"{""developmentGoldCost"": {""after"": 1, ""before"": 0}, ""keywordValues"": {""after"": {""HIGH_GROUND"": {""amount"": 1, ""range"": 0}}, ""before"": {}}, ""keywords"": {""after"": [""HIGH_GROUND""], ""before"": []}}",Add faction-role utility; surcharge pays for the benefit beyond the free income/HP baseline.,39,32
ares_apex_endless_arena,Endless Arena,ARES,LAND,faction,mechanical change,"{""developmentGoldCost"": {""after"": 2, ""before"": 0}, ""keywordValues"": {""after"": {""WAYSTATION"": {""amount"": 2, ""range"": 0}}, ""before"": {}}, ""keywords"": {""after"": [""WAYSTATION""], ""before"": []}}",Add faction-role utility; surcharge pays for the benefit beyond the free income/HP baseline.,39,37
ares_tutor_land_3,Ravager's Assembly,ARES,LAND,faction,mechanical change,"{""archetypes"": {""after"": [""MUSTER_GROUND""], ""before"": []}, ""developmentGoldCost"": {""after"": 1, ""before"": 0}}","Standardize typed draw at 2 GP. First two tiers stay free; later tiers pay 1/2/2 gold for durable draw engines, with faction utility on the final two tiers. Add Muster Ground or Recruitment grouping.",34,32
ares_land_iron_standard_province,Iron-Standard Province,ARES,LAND,faction,retained,{},"Retain turn-7 development: 21 HP, 4 base income, 0 gold; utility offset by activation payment/lower income or a free infrastructure baseline.",37,36
ares_tutor_land_4,Phalanx War Ground,ARES,LAND,faction,mechanical change,"{""archetypes"": {""after"": [""MUSTER_GROUND""], ""before"": []}, ""developmentGoldCost"": {""after"": 2, ""before"": 0}, ""keywordValues"": {""after"": {""WAYSTATION"": {""amount"": 1, ""range"": 0}}, ""before"": {}}, ""keywords"": {""after"": [""WAYSTATION""], ""before"": []}}","Standardize typed draw at 2 GP. First two tiers stay free; later tiers pay 1/2/2 gold for durable draw engines, with faction utility on the final two tiers. Add Muster Ground or Recruitment grouping.",36,32
ares_tutor_land_5,Godwar Mobilization,ARES,LAND,faction,mechanical change,"{""abilities"": {""after"": [{""amount"": 1, ""effect"": ""DRAW_STRUCTURE"", ""gpCost"": 2, ""trigger"": ""ACTIVATED""}], ""before"": [{""amount"": 1, ""effect"": ""DRAW_STRUCTURE"", ""gpCost"": 3, ""trigger"": ""ACTIVATED""}]}, ""archetypes"": {""after"": [""MUSTER_GROUND""], ""before"": []}, ""developmentGoldCost"": {""after"": 2, ""before"": 0}, ""keywordValues"": {""after"": {""WAYSTATION"": {""amount"": 1, ""range"": 0}}, ""before"": {}}, ""keywords"": {""after"": [""WAYSTATION""], ""before"": []}}","Standardize typed draw at 2 GP. First two tiers stay free; later tiers pay 1/2/2 gold for durable draw engines, with faction utility on the final two tiers. Add Muster Ground or Recruitment grouping.",37,37
ares_blood_frenzy,Blood Frenzy,ARES,SPELL,faction,mechanical change,"{""cost"": {""after"": 2, ""before"": 3}}",Give the melee faction efficient temporary offensive support.,34,36
ares_defiant_roar,Defiant Roar,ARES,SPELL,faction,retained,{},"Retain 2-GP single-use effect: [{""amount"": 2, ""target"": ""FRIENDLY"", ""type"": ""BUFF_DEFENSE""}]; no extra price for rarity.",36,32
ares_forced_march,Forced March,ARES,SPELL,faction,retained,{},"Retain 2-GP single-use effect: [{""amount"": 1, ""target"": ""FRIENDLY"", ""type"": ""TELEPORT_CHARACTER""}]; no extra price for rarity.",42,37
ares_spear_volley,Spear Volley,ARES,SPELL,faction,retained,{},"Retain 2-GP single-use effect: [{""amount"": 3, ""target"": ""ENEMY"", ""type"": ""STRIKE_CHARACTER""}]; no extra price for rarity.",40,38
ares_apex_champions_refusal,Champion's Refusal,ARES,SPELL,faction,mechanical change,"{""archetypes"": {""after"": [""WARFARE""], ""before"": []}, ""cost"": {""after"": 4, ""before"": 6}}",Lower defense magnitude than the 5-GP apex shields. Add or correct a searchable archetype from the card's explicit identity; no automatic stat bonus.,15,18
ares_siege_fury,Siege Fury,ARES,SPELL,faction,retained,{},"Retain 4-GP single-use effect: [{""amount"": 5, ""target"": ""ENEMY"", ""type"": ""DAMAGE_PERMANENT""}]; no extra price for rarity.",41,36
ares_apex_total_war,Total War,ARES,SPELL,faction,mechanical change,"{""archetypes"": {""after"": [""WARFARE""], ""before"": []}, ""cost"": {""after"": 5, ""before"": 7}}","Ares gets the strongest attack buff, but still needs a living attacker. Add or correct a searchable archetype from the card's explicit identity; no automatic stat bonus.",37,38
ares_apex_no_safe_ground,No Safe Ground,ARES,SPELL,faction,archetype only,"{""archetypes"": {""after"": [""WARFARE""], ""before"": []}}",Add or correct a searchable archetype from the card's explicit identity; no automatic stat bonus.,41,33
ares_forward_barricade,Forward Barricade,ARES,STRUCTURE,faction,retained,{},"Retain turn-1 development: 5 HP, 1 base income, 0 gold; utility offset by activation payment/lower income or a free infrastructure baseline.",57,49
ares_ballistic_shrine,Ballistic Shrine,ARES,STRUCTURE,faction,retained,{},"Retain turn-2 development: 6 HP, 1 base income, 2 gold; paid terrain utility.",60,56
ares_tutor_structure_1,Blood-Rush Barracks,ARES,STRUCTURE,faction,mechanical change,"{""abilities"": {""after"": [{""amount"": 1, ""effect"": ""DRAW_CHARACTER"", ""gpCost"": 2, ""trigger"": ""ACTIVATED""}], ""before"": [{""amount"": 1, ""effect"": ""DRAW_CHARACTER"", ""gpCost"": 1, ""trigger"": ""ACTIVATED""}]}, ""archetypes"": {""after"": [""RECRUITMENT""], ""before"": []}}","Standardize typed draw at 2 GP. First two tiers stay free; later tiers pay 1/2/2 gold for durable draw engines, with faction utility on the final two tiers. Add Muster Ground or Recruitment grouping.",53,47
ares_chariot_deployment_rack,Chariot Deployment Rack,ARES,STRUCTURE,faction,mechanical change,"{""developmentGoldCost"": {""after"": 2, ""before"": 0}, ""keywordValues"": {""after"": {""BEACON"": {""amount"": 1, ""range"": 1}}, ""before"": {}}, ""keywords"": {""after"": [""BEACON""], ""before"": []}}",Add faction-role utility; surcharge pays for the benefit beyond the free income/HP baseline.,41,44
ares_structure_spoil_depot,Spoil Depot,ARES,STRUCTURE,faction,retained,{},"Retain turn-3 development: 11 HP, 2 base income, 0 gold; utility offset by activation payment/lower income or a free infrastructure baseline.",39,40
ares_ares_siege_citadel,Ares Siege Citadel,ARES,STRUCTURE,faction,retained,{},"Retain turn-4 development: 10 HP, 1 base income, 0 gold; utility offset by activation payment/lower income or a free infrastructure baseline.",43,40
ares_structure_campaign_forge,Campaign Forge,ARES,STRUCTURE,faction,mechanical change,"{""archetypes"": {""after"": [""WORKSHOP""], ""before"": []}, ""hitPoints"": {""after"": 12, ""before"": 16}}",Free turn-4 infrastructure trades utility for moderate durability. Add or correct a searchable archetype from the card's explicit identity; no automatic stat bonus.,38,33
ares_tutor_structure_2,Siegebreaker Arsenal,ARES,STRUCTURE,faction,mechanical change,"{""abilities"": {""after"": [{""amount"": 1, ""effect"": ""DRAW_CHARACTER"", ""gpCost"": 2, ""trigger"": ""ACTIVATED""}], ""before"": [{""amount"": 1, ""effect"": ""DRAW_CHARACTER"", ""gpCost"": 1, ""trigger"": ""ACTIVATED""}]}, ""archetypes"": {""after"": [""RECRUITMENT""], ""before"": []}}","Standardize typed draw at 2 GP. First two tiers stay free; later tiers pay 1/2/2 gold for durable draw engines, with faction utility on the final two tiers. Add Muster Ground or Recruitment grouping.",35,37
ares_ability_war_drum,War-Drum Tower,ARES,STRUCTURE,faction,retained,{},"Retain turn-4 development: 9 HP, 2 base income, 1 gold; paid terrain utility.",38,35
ares_tutor_structure_3,Ravager Drum Tower,ARES,STRUCTURE,faction,mechanical change,"{""archetypes"": {""after"": [""RECRUITMENT""], ""before"": []}, ""developmentGoldCost"": {""after"": 1, ""before"": 0}}","Standardize typed draw at 2 GP. First two tiers stay free; later tiers pay 1/2/2 gold for durable draw engines, with faction utility on the final two tiers. Add Muster Ground or Recruitment grouping.",35,34
ares_structure_veterans_hall,Veterans' Hall,ARES,STRUCTURE,faction,retained,{},"Retain turn-6 development: 18 HP, 2 base income, 0 gold; utility offset by activation payment/lower income or a free infrastructure baseline.",38,31
ares_tutor_structure_4,Champion's War Hall,ARES,STRUCTURE,faction,mechanical change,"{""archetypes"": {""after"": [""RECRUITMENT""], ""before"": []}, ""developmentGoldCost"": {""after"": 2, ""before"": 0}, ""keywordValues"": {""after"": {""BEACON"": {""amount"": 1, ""range"": 1}}, ""before"": {}}, ""keywords"": {""after"": [""BEACON""], ""before"": []}}","Standardize typed draw at 2 GP. First two tiers stay free; later tiers pay 1/2/2 gold for durable draw engines, with faction utility on the final two tiers. Add Muster Ground or Recruitment grouping.",35,33
ares_apex_siege_god_arsenal,Siege God Arsenal,ARES,STRUCTURE,faction,mechanical change,"{""archetypes"": {""after"": [""EMPLACEMENT""], ""before"": []}, ""developmentGoldCost"": {""after"": 3, ""before"": 0}, ""keywordValues"": {""after"": {""TURRET"": {""amount"": 2, ""range"": 2}}, ""before"": {}}, ""keywords"": {""after"": [""TURRET""], ""before"": []}}",Add faction-role utility; surcharge pays for the benefit beyond the free income/HP baseline. Add or correct a searchable archetype from the card's explicit identity; no automatic stat bonus.,35,32
ares_structure_triumph_foundry,Triumph Foundry,ARES,STRUCTURE,faction,mechanical change,"{""archetypes"": {""after"": [""WORKSHOP""], ""before"": []}, ""developmentGoldCost"": {""after"": 1, ""before"": 0}}","Late high-HP, high-income infrastructure also has a passive; add a modest utility surcharge. Add or correct a searchable archetype from the card's explicit identity; no automatic stat bonus.",32,34
ares_tutor_structure_5,Ares Legion Gate,ARES,STRUCTURE,faction,mechanical change,"{""abilities"": {""after"": [{""amount"": 1, ""effect"": ""DRAW_CHARACTER"", ""gpCost"": 2, ""trigger"": ""ACTIVATED""}], ""before"": [{""amount"": 1, ""effect"": ""DRAW_CHARACTER"", ""gpCost"": 3, ""trigger"": ""ACTIVATED""}]}, ""archetypes"": {""after"": [""RECRUITMENT""], ""before"": []}, ""developmentGoldCost"": {""after"": 2, ""before"": 0}, ""keywordValues"": {""after"": {""BEACON"": {""amount"": 1, ""range"": 1}}, ""before"": {}}, ""keywords"": {""after"": [""BEACON""], ""before"": []}}","Standardize typed draw at 2 GP. First two tiers stay free; later tiers pay 1/2/2 gold for durable draw engines, with faction utility on the final two tiers. Add Muster Ground or Recruitment grouping.",36,31
athena_capital_acropolis_command,Acropolis Command,ATHENA,CAPITAL,faction,retained,{},Retain the 20-HP Capital and its conditional faction role: Start of your turn: your first Vanguard Character gains +1 Defense this turn.,0,0
athena_capital_aegis_archive,Aegis Archive,ATHENA,CAPITAL,faction,retained,{},Retain the 20-HP Capital and its conditional faction role: Draw one additional card every fourth personal turn.,0,0
athena_capital_owlwatch_fortress,Owlwatch Fortress,ATHENA,CAPITAL,faction,archetype only,"{""archetypes"": {""after"": [""FORTRESS""], ""before"": []}}",Add or correct a searchable archetype from the card's explicit identity; no automatic stat bonus.,0,0
athena_athenian_cadet,Athenian Cadet,ATHENA,CHARACTER,faction,retained,{},"Retain 1 GP: A1/D3, movement 2, range 1; keyword specialization VANGUARD.",42,51
athena_owl_recon_unit,Owl Recon Unit,ATHENA,CHARACTER,faction,mechanical change,"{""defense"": {""after"": 1, ""before"": 2}}",Keep the 1-GP range-3 scout fragile; its reach trades away Defense.,67,79
athena_keyword_aegis_cadet,Aegis Cadet,ATHENA,CHARACTER,faction,mechanical change,"{""archetypes"": {""after"": [""HUMAN""], ""before"": []}, ""movement"": {""after"": 3, ""before"": 2}}",Differentiate it from the identical Silver Shield Drone. Add or correct a searchable archetype from the card's explicit identity; no automatic stat bonus.,40,43
athena_grid_tactician,Grid Tactician,ATHENA,CHARACTER,faction,retained,{},"Retain 2 GP: A2/D3, movement 2, range 2; stats-only body.",51,55
athena_silver_shield_drone,Silver Shield Drone,ATHENA,CHARACTER,faction,retained,{},"Retain 2 GP: A1/D4, movement 2, range 1; keyword specialization VANGUARD.",39,41
athena_fast_counterstroke_adept,Counterstroke Adept,ATHENA,CHARACTER,faction,retained,{},"Retain 3 GP: A3/D3, movement 3, range 1; keyword specialization FAST_STRIKE.",27,26
athena_owlwing_repositioner,Owlwing Repositioner,ATHENA,CHARACTER,faction,retained,{},"Retain 3 GP: A2/D3, movement 3, range 2; keyword specialization BLINK.",33,33
athena_keyword_hidden_flank_scholar,High-Flank Scholar,ATHENA,CHARACTER,faction,mechanical change,"{""archetypes"": {""after"": [""HUMAN""], ""before"": []}, ""cost"": {""after"": 4, ""before"": 3}}",Sharp Shot adds further reach to an already durable ranged body. Add or correct a searchable archetype from the card's explicit identity; no automatic stat bonus.,39,44
athena_hoplon_formation_lead,Hoplon Formation Lead,ATHENA,CHARACTER,faction,retained,{},"Retain 4 GP: A3/D6, movement 2, range 1; keyword specialization VANGUARD.",43,49
athena_medusa_pattern_analyst,Medusa Pattern Analyst,ATHENA,CHARACTER,faction,retained,{},"Retain 4 GP: A4/D4, movement 2, range 2; stats-only body.",47,49
athena_nike_strategic_runner,Nike Strategic Runner,ATHENA,CHARACTER,faction,retained,{},"Retain 4 GP: A4/D3, movement 4, range 1; keyword specialization BLINK.",31,36
athena_pallas_counter_sniper,Pallas Counter-Sniper,ATHENA,CHARACTER,faction,mechanical change,"{""cost"": {""after"": 4, ""before"": 3}}",Its range-3 body outclasses other 3-GP marksmen.,41,47
athena_sharp_acropolis_marksman,Acropolis Marksman,ATHENA,CHARACTER,faction,retained,{},"Retain 5 GP: A4/D5, movement 2, range 2; keyword specialization SHARP_SHOT.",32,38
athena_keyword_owlguard_strategos,Owlguard Strategos,ATHENA,CHARACTER,faction,retained,{},"Retain 5 GP: A4/D7, movement 2, range 2; keyword specialization VANGUARD.",21,27
athena_parthenon_sentinel,Parthenon Sentinel,ATHENA,CHARACTER,faction,retained,{},"Retain 5 GP: A4/D7, movement 1, range 2; keyword specialization VANGUARD.",40,47
athena_athenas_grey_eyed_seer,Athena's Grey-Eyed Seer,ATHENA,CHARACTER,faction,retained,{},"Retain 6 GP: A5/D6, movement 2, range 3; stats-only body.",42,47
athena_siege_geometry_breaker,Geometry Breaker,ATHENA,CHARACTER,faction,retained,{},"Retain 6 GP: A6/D6, movement 2, range 1; keyword specialization SIEGE.",21,25
athena_ability_highwall_archon,Highwall Archon,ATHENA,CHARACTER,faction,mechanical change,"{""cost"": {""after"": 6, ""before"": 5}}",Recurring defense and Sharp Shot warrant an elite-control price.,38,45
athena_keyword_labyrinth_tactician,Labyrinth Marksman,ATHENA,CHARACTER,faction,archetype only,"{""archetypes"": {""after"": [""HUMAN""], ""before"": []}}",Add or correct a searchable archetype from the card's explicit identity; no automatic stat bonus.,37,39
athena_aegis_prime_strategos,Aegis Prime Strategos,ATHENA,CHARACTER,faction,retained,{},"Retain 7 GP: A6/D8, movement 2, range 2; keyword specialization VANGUARD.",41,50
athena_apex_nike_victory_algorithm,Nike Victory Algorithm,ATHENA,CHARACTER,faction,archetype only,"{""archetypes"": {""after"": [""AUTOMATON""], ""before"": []}}",Add or correct a searchable archetype from the card's explicit identity; no automatic stat bonus.,25,29
athena_apex_owl_of_absolute_foresight,Owl of Absolute Foresight,ATHENA,CHARACTER,faction,mechanical change,"{""cost"": {""after"": 7, ""before"": 6}}","Range 3, Blink and 8 Defense exceed the 6-GP tier.",32,35
athena_apex_medusa_countermeasure_prime,Medusa Countermeasure Prime,ATHENA,CHARACTER,faction,retained,{},"Retain 8 GP: A8/D9, movement 2, range 3; keyword specialization VANGUARD.",42,44
athena_keyword_pallas_war_savant,Pallas War Savant,ATHENA,CHARACTER,faction,retained,{},"Retain 8 GP: A7/D10, movement 3, range 2; keyword specialization VANGUARD.",21,24
athena_apex_pallas_aegis_eternal,Pallas Aegis Eternal,ATHENA,CHARACTER,faction,retained,{},"Retain 9 GP: A8/D11, movement 2, range 2; keyword specialization VANGUARD.",44,47
athena_apex_athena_strategic_avatar,Athena Strategic Avatar,ATHENA,CHARACTER,faction,retained,{},"Retain 10 GP: A9/D12, movement 2, range 3; keyword specialization VANGUARD.",40,44
athena_academy_training_grid,Academy Training Grid,ATHENA,LAND,faction,retained,{},"Retain turn-1 development: 6 HP, 1 base income, 0 gold; utility offset by activation payment/lower income or a free infrastructure baseline.",60,61
athena_land_academy_gardens,Academy Gardens,ATHENA,LAND,faction,mechanical change,"{""archetypes"": {""after"": [""URBAN""], ""before"": []}, ""hitPoints"": {""after"": 8, ""before"": 9}}",Keep a free turn-1 option while reducing the strict durability upgrade over earlier lands. Add or correct a searchable archetype from the card's explicit identity; no automatic stat bonus.,49,47
athena_owlwatch_promenade,Owlwatch Promenade,ATHENA,LAND,faction,retained,{},"Retain turn-1 development: 7 HP, 1 base income, 0 gold; utility offset by activation payment/lower income or a free infrastructure baseline.",52,63
athena_parthenon_data_court,Parthenon Data Court,ATHENA,LAND,faction,retained,{},"Retain turn-1 development: 8 HP, 1 base income, 0 gold; utility offset by activation payment/lower income or a free infrastructure baseline.",40,43
athena_ability_academy_gardens,Academy Gardens,ATHENA,LAND,faction,retained,{},"Retain turn-2 development: 7 HP, 1 base income, 2 gold; paid terrain utility.",35,33
athena_aegis_defensive_quarter,Aegis Defensive Quarter,ATHENA,LAND,faction,retained,{},"Retain turn-2 development: 10 HP, 1 base income, 1 gold; paid terrain utility.",46,48
athena_tutor_land_1,Aegis Muster Court,ATHENA,LAND,faction,mechanical change,"{""abilities"": {""after"": [{""amount"": 1, ""effect"": ""DRAW_STRUCTURE"", ""gpCost"": 2, ""trigger"": ""ACTIVATED""}], ""before"": [{""amount"": 1, ""effect"": ""DRAW_STRUCTURE"", ""gpCost"": 1, ""trigger"": ""ACTIVATED""}]}, ""archetypes"": {""after"": [""MUSTER_GROUND""], ""before"": []}}","Standardize typed draw at 2 GP. First two tiers stay free; later tiers pay 1/2/2 gold for durable draw engines, with faction utility on the final two tiers. Add Muster Ground or Recruitment grouping.",35,37
athena_land_measured_terrace,Measured Terrace,ATHENA,LAND,faction,mechanical change,"{""developmentGoldCost"": {""after"": 1, ""before"": 0}, ""keywordValues"": {""after"": {""HIGH_GROUND"": {""amount"": 1, ""range"": 0}}, ""before"": {}}, ""keywords"": {""after"": [""HIGH_GROUND""], ""before"": []}}",Add faction-role utility; surcharge pays for the benefit beyond the free income/HP baseline.,34,38
athena_tutor_land_2,Owl-Sighted Terrace,ATHENA,LAND,faction,mechanical change,"{""abilities"": {""after"": [{""amount"": 1, ""effect"": ""DRAW_STRUCTURE"", ""gpCost"": 2, ""trigger"": ""ACTIVATED""}], ""before"": [{""amount"": 1, ""effect"": ""DRAW_STRUCTURE"", ""gpCost"": 1, ""trigger"": ""ACTIVATED""}]}, ""archetypes"": {""after"": [""MUSTER_GROUND""], ""before"": []}}","Standardize typed draw at 2 GP. First two tiers stay free; later tiers pay 1/2/2 gold for durable draw engines, with faction utility on the final two tiers. Add Muster Ground or Recruitment grouping.",31,37
athena_land_oracles_province,Oracle's Province,ATHENA,LAND,faction,mechanical change,"{""developmentGoldCost"": {""after"": 1, ""before"": 0}, ""keywordValues"": {""after"": {""ARCHIVE"": {""amount"": 1, ""range"": 0}}, ""before"": {}}, ""keywords"": {""after"": [""ARCHIVE""], ""before"": []}}",Add faction-role utility; surcharge pays for the benefit beyond the free income/HP baseline.,32,35
athena_tutor_land_3,Strategic Assembly,ATHENA,LAND,faction,mechanical change,"{""archetypes"": {""after"": [""MUSTER_GROUND""], ""before"": []}, ""developmentGoldCost"": {""after"": 1, ""before"": 0}}","Standardize typed draw at 2 GP. First two tiers stay free; later tiers pay 1/2/2 gold for durable draw engines, with faction utility on the final two tiers. Add Muster Ground or Recruitment grouping.",35,38
athena_apex_city_of_reason,City of Reason,ATHENA,LAND,faction,mechanical change,"{""archetypes"": {""after"": [""URBAN""], ""before"": []}, ""developmentGoldCost"": {""after"": 1, ""before"": 0}, ""keywordValues"": {""after"": {""COVER"": {""amount"": 1, ""range"": 0}}, ""before"": {}}, ""keywords"": {""after"": [""COVER""], ""before"": []}}",Add faction-role utility; surcharge pays for the benefit beyond the free income/HP baseline. Add or correct a searchable archetype from the card's explicit identity; no automatic stat bonus.,33,35
athena_land_strategists_domain,Strategist's Domain,ATHENA,LAND,faction,retained,{},"Retain turn-7 development: 22 HP, 4 base income, 0 gold; utility offset by activation payment/lower income or a free infrastructure baseline.",37,37
athena_tutor_land_4,Pallas Deployment Field,ATHENA,LAND,faction,mechanical change,"{""archetypes"": {""after"": [""MUSTER_GROUND""], ""before"": []}, ""developmentGoldCost"": {""after"": 2, ""before"": 0}, ""keywordValues"": {""after"": {""HIGH_GROUND"": {""amount"": 1, ""range"": 0}}, ""before"": {}}, ""keywords"": {""after"": [""HIGH_GROUND""], ""before"": []}}","Standardize typed draw at 2 GP. First two tiers stay free; later tiers pay 1/2/2 gold for durable draw engines, with faction utility on the final two tiers. Add Muster Ground or Recruitment grouping.",35,40
athena_tutor_land_5,Perfect Formation Ground,ATHENA,LAND,faction,mechanical change,"{""abilities"": {""after"": [{""amount"": 1, ""effect"": ""DRAW_STRUCTURE"", ""gpCost"": 2, ""trigger"": ""ACTIVATED""}], ""before"": [{""amount"": 1, ""effect"": ""DRAW_STRUCTURE"", ""gpCost"": 3, ""trigger"": ""ACTIVATED""}]}, ""archetypes"": {""after"": [""MUSTER_GROUND""], ""before"": []}, ""developmentGoldCost"": {""after"": 2, ""before"": 0}, ""keywordValues"": {""after"": {""HIGH_GROUND"": {""amount"": 1, ""range"": 0}}, ""before"": {}}, ""keywords"": {""after"": [""HIGH_GROUND""], ""before"": []}}","Standardize typed draw at 2 GP. First two tiers stay free; later tiers pay 1/2/2 gold for durable draw engines, with faction utility on the final two tiers. Add Muster Ground or Recruitment grouping.",33,39
athena_aegis_restoration,Aegis Restoration,ATHENA,SPELL,faction,mechanical change,"{""cost"": {""after"": 2, ""before"": 3}}",Make reactive repair viable against similarly priced damage.,43,49
athena_tactical_edge,Tactical Edge,ATHENA,SPELL,faction,retained,{},"Retain 2-GP single-use effect: [{""amount"": 2, ""target"": ""FRIENDLY"", ""type"": ""BUFF_ATTACK""}]; no extra price for rarity.",39,45
athena_brace_formation,Brace Formation,ATHENA,SPELL,faction,retained,{},"Retain 3-GP single-use effect: [{""amount"": 4, ""target"": ""FRIENDLY"", ""type"": ""BUFF_DEFENSE""}]; no extra price for rarity.",39,43
athena_calculated_shot,Calculated Shot,ATHENA,SPELL,faction,retained,{},"Retain 3-GP single-use effect: [{""amount"": 4, ""target"": ""ENEMY"", ""type"": ""STRIKE_CHARACTER""}]; no extra price for rarity.",36,42
athena_expose_structural_weakness,Expose Structural Weakness,ATHENA,SPELL,faction,retained,{},"Retain 3-GP single-use effect: [{""amount"": 3, ""target"": ""ENEMY"", ""type"": ""DAMAGE_PERMANENT""}]; no extra price for rarity.",42,45
athena_apex_perfect_counterstroke,Perfect Counterstroke,ATHENA,SPELL,faction,archetype only,"{""archetypes"": {""after"": [""TACTICS""], ""before"": []}}",Add or correct a searchable archetype from the card's explicit identity; no automatic stat bonus.,30,38
athena_tactical_relay_post,Tactical Relay Post,ATHENA,STRUCTURE,faction,retained,{},"Retain turn-1 development: 6 HP, 1 base income, 0 gold; utility offset by activation payment/lower income or a free infrastructure baseline.",55,56
athena_tutor_structure_1,Aegis Cadet Hall,ATHENA,STRUCTURE,faction,mechanical change,"{""abilities"": {""after"": [{""amount"": 1, ""effect"": ""DRAW_CHARACTER"", ""gpCost"": 2, ""trigger"": ""ACTIVATED""}], ""before"": [{""amount"": 1, ""effect"": ""DRAW_CHARACTER"", ""gpCost"": 1, ""trigger"": ""ACTIVATED""}]}, ""archetypes"": {""after"": [""RECRUITMENT""], ""before"": []}}","Standardize typed draw at 2 GP. First two tiers stay free; later tiers pay 1/2/2 gold for durable draw engines, with faction utility on the final two tiers. Add Muster Ground or Recruitment grouping.",36,39
athena_owlwatch_tower,Owlwatch Tower,ATHENA,STRUCTURE,faction,retained,{},"Retain turn-2 development: 8 HP, 1 base income, 1 gold; paid terrain utility.",42,48
athena_aegis_projection_wall,Aegis Projection Wall,ATHENA,STRUCTURE,faction,mechanical change,"{""developmentGoldCost"": {""after"": 1, ""before"": 0}, ""keywordValues"": {""after"": {""BULWARK"": {""amount"": 1, ""range"": 0}}, ""before"": {}}, ""keywords"": {""after"": [""BULWARK""], ""before"": []}}",Add faction-role utility; surcharge pays for the benefit beyond the free income/HP baseline.,41,44
athena_structure_logistics_stoa,Logistics Stoa,ATHENA,STRUCTURE,faction,retained,{},"Retain turn-3 development: 12 HP, 2 base income, 0 gold; utility offset by activation payment/lower income or a free infrastructure baseline.",35,35
athena_athena_strategy_core,Athena Strategy Core,ATHENA,STRUCTURE,faction,retained,{},"Retain turn-4 development: 12 HP, 1 base income, 0 gold; utility offset by activation payment/lower income or a free infrastructure baseline.",36,40
athena_structure_civic_ledger,Civic Ledger,ATHENA,STRUCTURE,faction,mechanical change,"{""hitPoints"": {""after"": 13, ""before"": 16}}",Free turn-4 infrastructure trades utility for moderate durability.,36,37
athena_ability_council_tower,Council Tower,ATHENA,STRUCTURE,faction,retained,{},"Retain turn-4 development: 11 HP, 1 base income, 0 gold; utility offset by activation payment/lower income or a free infrastructure baseline.",31,34
athena_tutor_structure_2,Owlwatch Roster,ATHENA,STRUCTURE,faction,mechanical change,"{""abilities"": {""after"": [{""amount"": 1, ""effect"": ""DRAW_CHARACTER"", ""gpCost"": 2, ""trigger"": ""ACTIVATED""}], ""before"": [{""amount"": 1, ""effect"": ""DRAW_CHARACTER"", ""gpCost"": 1, ""trigger"": ""ACTIVATED""}]}, ""archetypes"": {""after"": [""RECRUITMENT""], ""before"": []}}","Standardize typed draw at 2 GP. First two tiers stay free; later tiers pay 1/2/2 gold for durable draw engines, with faction utility on the final two tiers. Add Muster Ground or Recruitment grouping.",33,38
athena_apex_gorgon_reflection_wall,Gorgon Reflection Wall,ATHENA,STRUCTURE,faction,archetype only,"{""archetypes"": {""after"": [""FORTRESS""], ""before"": []}}",Add or correct a searchable archetype from the card's explicit identity; no automatic stat bonus.,36,36
athena_structure_panacea_annex,Panacea Annex,ATHENA,STRUCTURE,faction,retained,{},"Retain turn-6 development: 18 HP, 2 base income, 0 gold; utility offset by activation payment/lower income or a free infrastructure baseline.",31,36
athena_tutor_structure_3,Strategist's Academy,ATHENA,STRUCTURE,faction,mechanical change,"{""archetypes"": {""after"": [""RECRUITMENT""], ""before"": []}, ""developmentGoldCost"": {""after"": 1, ""before"": 0}}","Standardize typed draw at 2 GP. First two tiers stay free; later tiers pay 1/2/2 gold for durable draw engines, with faction utility on the final two tiers. Add Muster Ground or Recruitment grouping.",34,42
athena_apex_strategos_command_vault,Strategos Command Vault,ATHENA,STRUCTURE,faction,mechanical change,"{""developmentGoldCost"": {""after"": 2, ""before"": 0}, ""keywordValues"": {""after"": {""WATCHTOWER"": {""amount"": 1, ""range"": 0}}, ""before"": {}}, ""keywords"": {""after"": [""WATCHTOWER""], ""before"": []}}",Add faction-role utility; surcharge pays for the benefit beyond the free income/HP baseline.,42,44
athena_tutor_structure_4,Pallas Command Archive,ATHENA,STRUCTURE,faction,mechanical change,"{""archetypes"": {""after"": [""RECRUITMENT""], ""before"": []}, ""developmentGoldCost"": {""after"": 2, ""before"": 0}, ""keywordValues"": {""after"": {""BULWARK"": {""amount"": 1, ""range"": 0}}, ""before"": {}}, ""keywords"": {""after"": [""BULWARK""], ""before"": []}}","Standardize typed draw at 2 GP. First two tiers stay free; later tiers pay 1/2/2 gold for durable draw engines, with faction utility on the final two tiers. Add Muster Ground or Recruitment grouping.",31,32
athena_structure_owl_of_providence,Owl of Providence,ATHENA,STRUCTURE,faction,mechanical change,"{""developmentGoldCost"": {""after"": 1, ""before"": 0}}","Late high-HP, high-income infrastructure also has a passive; add a modest utility surcharge.",34,35
athena_apex_parthenon_aegis_citadel,Parthenon Aegis Citadel,ATHENA,STRUCTURE,faction,mechanical change,"{""archetypes"": {""after"": [""FORTRESS""], ""before"": []}, ""developmentGoldCost"": {""after"": 3, ""before"": 0}, ""keywordValues"": {""after"": {""BULWARK"": {""amount"": 2, ""range"": 0}}, ""before"": {}}, ""keywords"": {""after"": [""BULWARK""], ""before"": []}}",Add faction-role utility; surcharge pays for the benefit beyond the free income/HP baseline. Add or correct a searchable archetype from the card's explicit identity; no automatic stat bonus.,44,46
athena_tutor_structure_5,Athena's Heroic Council,ATHENA,STRUCTURE,faction,mechanical change,"{""abilities"": {""after"": [{""amount"": 1, ""effect"": ""DRAW_CHARACTER"", ""gpCost"": 2, ""trigger"": ""ACTIVATED""}], ""before"": [{""amount"": 1, ""effect"": ""DRAW_CHARACTER"", ""gpCost"": 3, ""trigger"": ""ACTIVATED""}]}, ""archetypes"": {""after"": [""RECRUITMENT""], ""before"": []}, ""developmentGoldCost"": {""after"": 2, ""before"": 0}, ""keywordValues"": {""after"": {""BULWARK"": {""amount"": 1, ""range"": 0}}, ""before"": {}}, ""keywords"": {""after"": [""BULWARK""], ""before"": []}}","Standardize typed draw at 2 GP. First two tiers stay free; later tiers pay 1/2/2 gold for durable draw engines, with faction utility on the final two tiers. Add Muster Ground or Recruitment grouping.",29,37
demo_hermes_courier,Hermes Courier,DEMO,CHARACTER,legacy,retained,{},"Compatibility audit: legacy DEMO/UNASSIGNED card, excluded from legal faction decks; retained unchanged.",0,0
demo_burrower_mole,Burrower Mole,DEMO,CHARACTER,legacy,retained,{},"Compatibility audit: legacy DEMO/UNASSIGNED card, excluded from legal faction decks; retained unchanged.",0,0
demo_ember_sapper,Ember Sapper,DEMO,CHARACTER,legacy,retained,{},"Compatibility audit: legacy DEMO/UNASSIGNED card, excluded from legal faction decks; retained unchanged.",0,0
demo_bronze_hoplite,Bronze Hoplite,DEMO,CHARACTER,legacy,retained,{},"Compatibility audit: legacy DEMO/UNASSIGNED card, excluded from legal faction decks; retained unchanged.",0,0
demo_siren_channeler,Siren Channeler,DEMO,CHARACTER,legacy,retained,{},"Compatibility audit: legacy DEMO/UNASSIGNED card, excluded from legal faction decks; retained unchanged.",0,0
demo_oracle_skimmer,Oracle Skimmer,DEMO,CHARACTER,legacy,retained,{},"Compatibility audit: legacy DEMO/UNASSIGNED card, excluded from legal faction decks; retained unchanged.",0,0
demo_storm_lancer,Storm Lancer,DEMO,CHARACTER,legacy,retained,{},"Compatibility audit: legacy DEMO/UNASSIGNED card, excluded from legal faction decks; retained unchanged.",0,0
demo_atlas_guard,Atlas Guard,DEMO,CHARACTER,legacy,retained,{},"Compatibility audit: legacy DEMO/UNASSIGNED card, excluded from legal faction decks; retained unchanged.",0,0
demo_land_a,Aether Field,DEMO,LAND,legacy,retained,{},"Compatibility audit: legacy DEMO/UNASSIGNED card, excluded from legal faction decks; retained unchanged.",0,0
demo_land_c,Moonlit Grove,DEMO,LAND,legacy,retained,{},"Compatibility audit: legacy DEMO/UNASSIGNED card, excluded from legal faction decks; retained unchanged.",0,0
demo_land_b,Forge District,DEMO,LAND,legacy,retained,{},"Compatibility audit: legacy DEMO/UNASSIGNED card, excluded from legal faction decks; retained unchanged.",0,0
demo_sunken_archive,Sunken Archive,DEMO,LAND,legacy,retained,{},"Compatibility audit: legacy DEMO/UNASSIGNED card, excluded from legal faction decks; retained unchanged.",0,0
demo_volcanic_forge,Volcanic Forge,DEMO,LAND,legacy,retained,{},"Compatibility audit: legacy DEMO/UNASSIGNED card, excluded from legal faction decks; retained unchanged.",0,0
demo_skybridge,Skybridge,DEMO,LAND,legacy,retained,{},"Compatibility audit: legacy DEMO/UNASSIGNED card, excluded from legal faction decks; retained unchanged.",0,0
demo_healing_sanctum,Healing Sanctum,DEMO,STRUCTURE,legacy,retained,{},"Compatibility audit: legacy DEMO/UNASSIGNED card, excluded from legal faction decks; retained unchanged.",0,0
demo_structure_a,Watchtower,DEMO,STRUCTURE,legacy,retained,{},"Compatibility audit: legacy DEMO/UNASSIGNED card, excluded from legal faction decks; retained unchanged.",0,0
demo_structure_b,Aegis Relay,DEMO,STRUCTURE,legacy,retained,{},"Compatibility audit: legacy DEMO/UNASSIGNED card, excluded from legal faction decks; retained unchanged.",0,0
demo_ballista_nest,Ballista Nest,DEMO,STRUCTURE,legacy,retained,{},"Compatibility audit: legacy DEMO/UNASSIGNED card, excluded from legal faction decks; retained unchanged.",0,0
demo_shield_generator,Shield Generator,DEMO,STRUCTURE,legacy,retained,{},"Compatibility audit: legacy DEMO/UNASSIGNED card, excluded from legal faction decks; retained unchanged.",0,0
hades_capital_house_of_hades,House of Hades,HADES,CAPITAL,faction,mechanical change,"{""capitalPassive"": {""after"": ""Start of your turn: return your most recently discarded Character to your hand."", ""before"": ""Start of your turn: return your most recently discarded Character to your hand and heal your Capital for 3.""}}",Keep character recursion; remove the additional 3-HP repair that let one passive both rebuild and stall.,0,0
hades_capital_styx_gate,Styx Gate,HADES,CAPITAL,faction,mechanical change,"{""capitalPassive"": {""after"": ""The first enemy Character you return with a Spell each turn refunds 2 GP."", ""before"": ""Your first Spell each turn refunds 1 GP; returning an enemy Character restores 1 more.""}}",Replace generic spell rebate plus unbounded return rebates with 2 GP for the first enemy return each global turn; specialize in bounce.,0,0
hades_capital_tartarus_vault,Tartarus Vault,HADES,CAPITAL,faction,retained,{},Retain the 20-HP Capital and its conditional faction role: The first friendly Permanent destroyed each turn heals another damaged friendly Permanent for 5.,0,0
hades_styx_ferryman_drone,Styx Ferryman Drone,HADES,CHARACTER,faction,mechanical change,"{""movement"": {""after"": 4, ""before"": 3}}",Give the utility-free starter a movement niche.,118,119
hades_cerberus_gate_pup,Cerberus Gate Pup,HADES,CHARACTER,faction,retained,{},"Retain 2 GP: A2/D3, movement 3, range 1; keyword specialization VANGUARD.",52,55
hades_keyword_grave_skulker,Grave Skulker,HADES,CHARACTER,faction,retained,{},"Retain 2 GP: A3/D1, movement 2, range 1; keyword specialization MOLE.",86,59
hades_gravecode_collector,Gravecode Collector,HADES,CHARACTER,faction,retained,{},"Retain 2 GP: A3/D2, movement 2, range 1; keyword specialization MOLE.",102,68
hades_shade_packet,Shade Packet,HADES,CHARACTER,faction,mechanical change,"{""cost"": {""after"": 2, ""before"": 1}}",Ranged Mole deployment and 2 Attack exceed the 1-GP slot.,126,74
hades_erebus_sniper,Erebus Sniper,HADES,CHARACTER,faction,retained,{},"Retain 3 GP: A3/D2, movement 2, range 3; stats-only body.",123,92
hades_fast_final_breath,Final Breath,HADES,CHARACTER,faction,mechanical change,"{""attack"": {""after"": 5, ""before"": 4}}",Reward its 1-Defense fragility relative to other Fast Strike units.,87,76
hades_persephones_root_witch,Persephone's Root-Witch,HADES,CHARACTER,faction,retained,{},"Retain 3 GP: A2/D4, movement 2, range 2; keyword specialization MOLE.",82,68
hades_keyword_shade_ferryman,Shade Ferryman,HADES,CHARACTER,faction,retained,{},"Retain 3 GP: A3/D2, movement 3, range 1; keyword specialization FAST_STRIKE.",85,88
hades_stygian_reclaimer,Stygian Reclaimer,HADES,CHARACTER,faction,retained,{},"Retain 4 GP: A4/D4, movement 2, range 1; stats-only body.",155,149
hades_thanatos_execution_frame,Thanatos Execution Frame,HADES,CHARACTER,faction,retained,{},"Retain 4 GP: A5/D3, movement 3, range 1; stats-only body.",87,79
hades_cerberus_tri_core,Cerberus Tri-Core,HADES,CHARACTER,faction,archetype only,"{""archetypes"": {""after"": [""BEAST""], ""before"": []}}",Add or correct a searchable archetype from the card's explicit identity; no automatic stat bonus.,54,42
hades_ability_graveflash,Graveflash Assassin,HADES,CHARACTER,faction,retained,{},"Retain 5 GP: A6/D3, movement 3, range 1; keyword specialization FAST_STRIKE.",69,80
hades_keyword_styx_burrower,Styx Burrower,HADES,CHARACTER,faction,mechanical change,"{""defense"": {""after"": 3, ""before"": 4}}","Fast, high-attack Mole should remain vulnerable once revealed.",31,28
hades_sharp_styx_overwatch,Styx Overwatch,HADES,CHARACTER,faction,retained,{},"Retain 5 GP: A5/D3, movement 2, range 2; keyword specialization SHARP_SHOT.",33,36
hades_keyword_erebus_reaper,Erebus Reaper,HADES,CHARACTER,faction,retained,{},"Retain 6 GP: A7/D5, movement 3, range 1; keyword specialization FAST_STRIKE.",79,83
hades_lethe_memory_thief,Lethe Memory Thief,HADES,CHARACTER,faction,mechanical change,"{""cost"": {""after"": 6, ""before"": 5}}",Range 3 plus Blink needs a mobility surcharge.,74,54
hades_siege_tombbreaker,Tombbreaker,HADES,CHARACTER,faction,retained,{},"Retain 6 GP: A7/D4, movement 2, range 1; keyword specialization SIEGE.",38,41
hades_underworld_colossus,Underworld Colossus,HADES,CHARACTER,faction,retained,{},"Retain 6 GP: A6/D7, movement 1, range 1; keyword specialization VANGUARD.",51,45
hades_hades_black_crown,Hades Black Crown,HADES,CHARACTER,faction,retained,{},"Retain 7 GP: A7/D6, movement 2, range 2; keyword specialization MOLE.",54,48
hades_apex_persephone_underworld_queen,Persephone Underworld Queen,HADES,CHARACTER,faction,retained,{},"Retain 8 GP: A7/D9, movement 2, range 3; keyword specialization MOLE.",50,53
hades_keyword_tartarus_colossus,Tartarus Colossus,HADES,CHARACTER,faction,retained,{},"Retain 8 GP: A9/D7, movement 2, range 1; keyword specialization MOLE.",41,32
hades_apex_cerberus_omega,Cerberus Omega,HADES,CHARACTER,faction,archetype only,"{""archetypes"": {""after"": [""BEAST""], ""before"": []}}",Add or correct a searchable archetype from the card's explicit identity; no automatic stat bonus.,42,45
hades_apex_thanatos_final_form,Thanatos Final Form,HADES,CHARACTER,faction,retained,{},"Retain 10 GP: A11/D9, movement 3, range 2; keyword specialization BLINK.",42,39
hades_styx_transit_channel,Styx Transit Channel,HADES,LAND,faction,retained,{},"Retain turn-1 development: 5 HP, 1 base income, 0 gold; utility offset by activation payment/lower income or a free infrastructure baseline.",59,59
hades_asphodel_server_field,Asphodel Server Field,HADES,LAND,faction,retained,{},"Retain turn-1 development: 7 HP, 1 base income, 0 gold; utility offset by activation payment/lower income or a free infrastructure baseline.",64,59
hades_erebus_undercity,Erebus Undercity,HADES,LAND,faction,retained,{},"Retain turn-1 development: 8 HP, 1 base income, 1 gold; paid terrain utility.",61,60
hades_land_unmarked_crossing,Unmarked Crossing,HADES,LAND,faction,mechanical change,"{""hitPoints"": {""after"": 7, ""before"": 8}}",Keep a free turn-1 option while reducing the strict durability upgrade over earlier lands.,37,39
hades_ability_ashen_crossing,Ashen Crossing,HADES,LAND,faction,retained,{},"Retain turn-2 development: 6 HP, 1 base income, 0 gold; utility offset by activation payment/lower income or a free infrastructure baseline.",38,34
hades_land_asphodel_lease,Asphodel Lease,HADES,LAND,faction,mechanical change,"{""developmentGoldCost"": {""after"": 1, ""before"": 0}, ""keywordValues"": {""after"": {""ARCHIVE"": {""amount"": 1, ""range"": 0}}, ""before"": {}}, ""keywords"": {""after"": [""ARCHIVE""], ""before"": []}}",Add faction-role utility; surcharge pays for the benefit beyond the free income/HP baseline.,40,38
hades_gate_of_the_dead_grid,Gate of the Dead Grid,HADES,LAND,faction,retained,{},"Retain turn-2 development: 10 HP, 1 base income, 0 gold; utility offset by activation payment/lower income or a free infrastructure baseline.",49,49
hades_tutor_land_1,Shadeburrow Passage,HADES,LAND,faction,mechanical change,"{""abilities"": {""after"": [{""amount"": 1, ""effect"": ""DRAW_STRUCTURE"", ""gpCost"": 2, ""trigger"": ""ACTIVATED""}], ""before"": [{""amount"": 1, ""effect"": ""DRAW_STRUCTURE"", ""gpCost"": 1, ""trigger"": ""ACTIVATED""}]}, ""archetypes"": {""after"": [""MUSTER_GROUND""], ""before"": []}}","Standardize typed draw at 2 GP. First two tiers stay free; later tiers pay 1/2/2 gold for durable draw engines, with faction utility on the final two tiers. Add Muster Ground or Recruitment grouping.",40,40
hades_tutor_land_2,Grave-Rush Crossing,HADES,LAND,faction,mechanical change,"{""abilities"": {""after"": [{""amount"": 1, ""effect"": ""DRAW_STRUCTURE"", ""gpCost"": 2, ""trigger"": ""ACTIVATED""}], ""before"": [{""amount"": 1, ""effect"": ""DRAW_STRUCTURE"", ""gpCost"": 1, ""trigger"": ""ACTIVATED""}]}, ""archetypes"": {""after"": [""MUSTER_GROUND""], ""before"": []}}","Standardize typed draw at 2 GP. First two tiers stay free; later tiers pay 1/2/2 gold for durable draw engines, with faction utility on the final two tiers. Add Muster Ground or Recruitment grouping.",36,37
hades_land_erebus_claim,Erebus Claim,HADES,LAND,faction,mechanical change,"{""developmentGoldCost"": {""after"": 2, ""before"": 0}, ""keywordValues"": {""after"": {""ARCHIVE"": {""amount"": 2, ""range"": 0}}, ""before"": {}}, ""keywords"": {""after"": [""ARCHIVE""], ""before"": []}}",Add faction-role utility; surcharge pays for the benefit beyond the free income/HP baseline.,40,38
hades_tutor_land_3,Stygian Muster Bank,HADES,LAND,faction,mechanical change,"{""archetypes"": {""after"": [""MUSTER_GROUND""], ""before"": []}, ""developmentGoldCost"": {""after"": 1, ""before"": 0}}","Standardize typed draw at 2 GP. First two tiers stay free; later tiers pay 1/2/2 gold for durable draw engines, with faction utility on the final two tiers. Add Muster Ground or Recruitment grouping.",37,42
hades_land_fields_beyond_styx,Fields Beyond Styx,HADES,LAND,faction,retained,{},"Retain turn-7 development: 21 HP, 4 base income, 0 gold; utility offset by activation payment/lower income or a free infrastructure baseline.",38,37
hades_apex_necropolis_root_server,Necropolis Root Server,HADES,LAND,faction,mechanical change,"{""developmentGoldCost"": {""after"": 2, ""before"": 0}, ""keywordValues"": {""after"": {""ARCHIVE"": {""amount"": 2, ""range"": 0}}, ""before"": {}}, ""keywords"": {""after"": [""ARCHIVE""], ""before"": []}}",Add faction-role utility; surcharge pays for the benefit beyond the free income/HP baseline.,39,40
hades_tutor_land_4,Tartarean Calling Ground,HADES,LAND,faction,mechanical change,"{""archetypes"": {""after"": [""MUSTER_GROUND""], ""before"": []}, ""developmentGoldCost"": {""after"": 2, ""before"": 0}, ""keywordValues"": {""after"": {""ARCHIVE"": {""amount"": 1, ""range"": 0}}, ""before"": {}}, ""keywords"": {""after"": [""ARCHIVE""], ""before"": []}}","Standardize typed draw at 2 GP. First two tiers stay free; later tiers pay 1/2/2 gold for durable draw engines, with faction utility on the final two tiers. Add Muster Ground or Recruitment grouping.",38,38
hades_tutor_land_5,Final Procession,HADES,LAND,faction,mechanical change,"{""abilities"": {""after"": [{""amount"": 1, ""effect"": ""DRAW_STRUCTURE"", ""gpCost"": 2, ""trigger"": ""ACTIVATED""}], ""before"": [{""amount"": 1, ""effect"": ""DRAW_STRUCTURE"", ""gpCost"": 3, ""trigger"": ""ACTIVATED""}]}, ""archetypes"": {""after"": [""MUSTER_GROUND""], ""before"": []}, ""developmentGoldCost"": {""after"": 2, ""before"": 0}, ""keywordValues"": {""after"": {""ARCHIVE"": {""amount"": 1, ""range"": 0}}, ""before"": {}}, ""keywords"": {""after"": [""ARCHIVE""], ""before"": []}}","Standardize typed draw at 2 GP. First two tiers stay free; later tiers pay 1/2/2 gold for durable draw engines, with faction utility on the final two tiers. Add Muster Ground or Recruitment grouping.",39,39
hades_deathly_vigor,Deathly Vigor,HADES,SPELL,faction,mechanical change,"{""cost"": {""after"": 2, ""before"": 3}}",Match the price of other temporary +2 Attack spells.,43,46
hades_shroud_of_erebus,Shroud of Erebus,HADES,SPELL,faction,retained,{},"Retain 2-GP single-use effect: [{""amount"": 3, ""target"": ""FRIENDLY"", ""type"": ""BUFF_DEFENSE""}]; no extra price for rarity.",49,48
hades_grave_pressure,Grave Pressure,HADES,SPELL,faction,retained,{},"Retain 4-GP single-use effect: [{""amount"": 4, ""target"": ""ENEMY"", ""type"": ""DAMAGE_PERMANENT""}]; no extra price for rarity.",49,46
hades_apex_lethe_absolute,Lethe Absolute,HADES,SPELL,faction,mechanical change,"{""archetypes"": {""after"": [""NECROMANCY""], ""before"": []}, ""cost"": {""after"": 4, ""before"": 6}}",Same unconditional return effect as Lethe's Embrace; match its cost. Add or correct a searchable archetype from the card's explicit identity; no automatic stat bonus.,46,45
hades_lethes_embrace,Lethe's Embrace,HADES,SPELL,faction,retained,{},"Retain 4-GP single-use effect: [{""amount"": 1, ""target"": ""ENEMY"", ""type"": ""RETURN_CHARACTER""}]; no extra price for rarity.",47,46
hades_soul_sever,Soul Sever,HADES,SPELL,faction,retained,{},"Retain 4-GP single-use effect: [{""amount"": 5, ""target"": ""ENEMY"", ""type"": ""STRIKE_CHARACTER""}]; no extra price for rarity.",41,41
hades_apex_crown_of_the_unquiet,Crown of the Unquiet,HADES,SPELL,faction,mechanical change,"{""archetypes"": {""after"": [""NECROMANCY""], ""before"": []}, ""cost"": {""after"": 5, ""before"": 6}}",Discount temporary single-unit attack support relative to permanent removal. Add or correct a searchable archetype from the card's explicit identity; no automatic stat bonus.,43,41
hades_apex_erebus_null_shroud,Erebus Null Shroud,HADES,SPELL,faction,mechanical change,"{""archetypes"": {""after"": [""NECROMANCY""], ""before"": []}, ""cost"": {""after"": 5, ""before"": 6}}",Keep the equivalent defensive effect on the same price tier. Add or correct a searchable archetype from the card's explicit identity; no automatic stat bonus.,46,46
hades_apex_final_passage,Final Passage,HADES,SPELL,faction,archetype only,"{""archetypes"": {""after"": [""NECROMANCY""], ""before"": []}}",Add or correct a searchable archetype from the card's explicit identity; no automatic stat bonus.,45,37
hades_apex_tomb_of_all_systems,Tomb of All Systems,HADES,SPELL,faction,archetype only,"{""archetypes"": {""after"": [""NECROMANCY""], ""before"": []}}",Add or correct a searchable archetype from the card's explicit identity; no automatic stat bonus.,48,47
hades_obol_archive,Obol Archive,HADES,STRUCTURE,faction,retained,{},"Retain turn-1 development: 5 HP, 1 base income, 0 gold; utility offset by activation payment/lower income or a free infrastructure baseline.",64,59
hades_cerberus_gate_node,Cerberus Gate Node,HADES,STRUCTURE,faction,retained,{},"Retain turn-2 development: 8 HP, 1 base income, 0 gold; utility offset by activation payment/lower income or a free infrastructure baseline.",61,57
hades_tutor_structure_1,Shade Passage Bell,HADES,STRUCTURE,faction,mechanical change,"{""abilities"": {""after"": [{""amount"": 1, ""effect"": ""DRAW_CHARACTER"", ""gpCost"": 2, ""trigger"": ""ACTIVATED""}], ""before"": [{""amount"": 1, ""effect"": ""DRAW_CHARACTER"", ""gpCost"": 1, ""trigger"": ""ACTIVATED""}]}, ""archetypes"": {""after"": [""RECRUITMENT""], ""before"": []}}","Standardize typed draw at 2 GP. First two tiers stay free; later tiers pay 1/2/2 gold for durable draw engines, with faction utility on the final two tiers. Add Muster Ground or Recruitment grouping.",57,55
hades_lethe_reservoir,Lethe Reservoir,HADES,STRUCTURE,faction,retained,{},"Retain turn-3 development: 9 HP, 1 base income, 0 gold; utility offset by activation payment/lower income or a free infrastructure baseline.",48,43
hades_structure_obol_counting_house,Obol Counting House,HADES,STRUCTURE,faction,retained,{},"Retain turn-3 development: 11 HP, 2 base income, 0 gold; utility offset by activation payment/lower income or a free infrastructure baseline.",38,41
hades_structure_chthonic_registry,Chthonic Registry,HADES,STRUCTURE,faction,mechanical change,"{""hitPoints"": {""after"": 12, ""before"": 15}}",Free turn-4 infrastructure trades utility for moderate durability.,41,39
hades_tutor_structure_2,Graveflash Crypt,HADES,STRUCTURE,faction,mechanical change,"{""abilities"": {""after"": [{""amount"": 1, ""effect"": ""DRAW_CHARACTER"", ""gpCost"": 2, ""trigger"": ""ACTIVATED""}], ""before"": [{""amount"": 1, ""effect"": ""DRAW_CHARACTER"", ""gpCost"": 1, ""trigger"": ""ACTIVATED""}]}, ""archetypes"": {""after"": [""RECRUITMENT""], ""before"": []}}","Standardize typed draw at 2 GP. First two tiers stay free; later tiers pay 1/2/2 gold for durable draw engines, with faction utility on the final two tiers. Add Muster Ground or Recruitment grouping.",37,42
hades_hades_throne_vault,Hades Throne Vault,HADES,STRUCTURE,faction,retained,{},"Retain turn-4 development: 12 HP, 2 base income, 0 gold; utility offset by activation payment/lower income or a free infrastructure baseline.",48,50
hades_ability_soul_furnace,Soul Furnace,HADES,STRUCTURE,faction,retained,{},"Retain turn-4 development: 8 HP, 2 base income, 0 gold; utility offset by activation payment/lower income or a free infrastructure baseline.",39,40
hades_structure_silent_mortuary,Silent Mortuary,HADES,STRUCTURE,faction,mechanical change,"{""developmentGoldCost"": {""after"": 1, ""before"": 0}, ""keywordValues"": {""after"": {""WORKSHOP"": {""amount"": 1, ""range"": 1}}, ""before"": {}}, ""keywords"": {""after"": [""WORKSHOP""], ""before"": []}}",Add faction-role utility; surcharge pays for the benefit beyond the free income/HP baseline.,40,37
hades_tutor_structure_3,Styx Muster Gate,HADES,STRUCTURE,faction,mechanical change,"{""archetypes"": {""after"": [""RECRUITMENT""], ""before"": []}, ""developmentGoldCost"": {""after"": 1, ""before"": 0}}","Standardize typed draw at 2 GP. First two tiers stay free; later tiers pay 1/2/2 gold for durable draw engines, with faction utility on the final two tiers. Add Muster Ground or Recruitment grouping.",39,36
hades_tutor_structure_4,Eidolon Calling Hall,HADES,STRUCTURE,faction,mechanical change,"{""archetypes"": {""after"": [""RECRUITMENT""], ""before"": []}, ""developmentGoldCost"": {""after"": 2, ""before"": 0}, ""keywordValues"": {""after"": {""BEACON"": {""amount"": 1, ""range"": 1}}, ""before"": {}}, ""keywords"": {""after"": [""BEACON""], ""before"": []}}","Standardize typed draw at 2 GP. First two tiers stay free; later tiers pay 1/2/2 gold for durable draw engines, with faction utility on the final two tiers. Add Muster Ground or Recruitment grouping.",43,39
hades_apex_gate_beyond_death,Gate Beyond Death,HADES,STRUCTURE,faction,mechanical change,"{""developmentGoldCost"": {""after"": 2, ""before"": 0}, ""keywordValues"": {""after"": {""BEACON"": {""amount"": 1, ""range"": 1}}, ""before"": {}}, ""keywords"": {""after"": [""BEACON""], ""before"": []}}",Add faction-role utility; surcharge pays for the benefit beyond the free income/HP baseline.,37,40
hades_structure_undying_treasury,Undying Treasury,HADES,STRUCTURE,faction,mechanical change,"{""developmentGoldCost"": {""after"": 1, ""before"": 0}}","Late high-HP, high-income infrastructure also has a passive; add a modest utility surcharge.",42,40
hades_tutor_structure_5,Underworld Legion Vault,HADES,STRUCTURE,faction,mechanical change,"{""abilities"": {""after"": [{""amount"": 1, ""effect"": ""DRAW_CHARACTER"", ""gpCost"": 2, ""trigger"": ""ACTIVATED""}], ""before"": [{""amount"": 1, ""effect"": ""DRAW_CHARACTER"", ""gpCost"": 3, ""trigger"": ""ACTIVATED""}]}, ""archetypes"": {""after"": [""RECRUITMENT""], ""before"": []}, ""developmentGoldCost"": {""after"": 2, ""before"": 0}, ""keywordValues"": {""after"": {""BEACON"": {""amount"": 1, ""range"": 1}}, ""before"": {}}, ""keywords"": {""after"": [""BEACON""], ""before"": []}}","Standardize typed draw at 2 GP. First two tiers stay free; later tiers pay 1/2/2 gold for durable draw engines, with faction utility on the final two tiers. Add Muster Ground or Recruitment grouping.",39,38
hephaestus_capital_bronze_heart,Bronze Heart,HEPHAESTUS,CAPITAL,faction,retained,{},Retain the 20-HP Capital and its conditional faction role: Start of your turn: heal your Capital for 1.,0,0
hephaestus_capital_great_forge,The Great Forge,HEPHAESTUS,CAPITAL,faction,archetype only,"{""archetypes"": {""after"": [""WORKSHOP""], ""before"": []}}",Add or correct a searchable archetype from the card's explicit identity; no automatic stat bonus.,0,0
hephaestus_capital_volcanic_foundry,Volcanic Foundry,HEPHAESTUS,CAPITAL,faction,archetype only,"{""archetypes"": {""after"": [""WORKSHOP""], ""before"": []}}",Add or correct a searchable archetype from the card's explicit identity; no automatic stat bonus.,0,0
hephaestus_forge_spark_drone,Forge Spark Drone,HEPHAESTUS,CHARACTER,faction,retained,{},"Retain 1 GP: A1/D2, movement 3, range 1; stats-only body.",65,65
hephaestus_automaton_shieldsmith,Automaton Shieldsmith,HEPHAESTUS,CHARACTER,faction,mechanical change,"{""defense"": {""after"": 5, ""before"": 4}}",Reward its movement-1 limitation versus mobile Vanguard peers.,42,43
hephaestus_bronze_assembly_bot,Bronze Assembly Bot,HEPHAESTUS,CHARACTER,faction,retained,{},"Retain 2 GP: A2/D3, movement 2, range 1; stats-only body.",58,54
hephaestus_keyword_bronze_line_automaton,Bronze-Line Automaton,HEPHAESTUS,CHARACTER,faction,mechanical change,"{""defense"": {""after"": 3, ""before"": 4}, ""movement"": {""after"": 2, ""before"": 1}}",Separate a mobile line unit from the stationary Shieldsmith.,41,44
hephaestus_tunnel_riveter,Tunnel Riveter,HEPHAESTUS,CHARACTER,faction,mechanical change,"{""cost"": {""after"": 2, ""before"": 1}}",Siege plus death refund should not be a nearly free 2/2 attacker.,64,67
hephaestus_fast_sparkblade_automaton,Sparkblade Automaton,HEPHAESTUS,CHARACTER,faction,retained,{},"Retain 3 GP: A4/D2, movement 2, range 1; keyword specialization FAST_STRIKE.",29,27
hephaestus_keyword_subforge_sapper,Subforge Sapper,HEPHAESTUS,CHARACTER,faction,retained,{},"Retain 3 GP: A3/D4, movement 1, range 1; keyword specialization SIEGE.",41,42
hephaestus_talos_patrol_frame,Talos Patrol Frame,HEPHAESTUS,CHARACTER,faction,mechanical change,"{""defense"": {""after"": 4, ""before"": 5}}",Reduce the efficient early Vanguard wall.,56,53
hephaestus_volcanic_survey_rig,Volcanic Survey Rig,HEPHAESTUS,CHARACTER,faction,archetype only,"{""archetypes"": {""after"": [""AUTOMATON""], ""before"": []}}",Add or correct a searchable archetype from the card's explicit identity; no automatic stat bonus.,33,35
hephaestus_cyclops_arc_welder,Cyclops Arc-Welder,HEPHAESTUS,CHARACTER,faction,mechanical change,"{""attack"": {""after"": 6, ""before"": 5}}",Give the keyword-free melee body a reason to compete with siege specialists.,51,49
hephaestus_daedalus_prototype,Daedalus Prototype,HEPHAESTUS,CHARACTER,faction,mechanical change,"{""cost"": {""after"": 5, ""before"": 4}}",Range 3 and Blink require the same mobility premium as other factions.,36,36
hephaestus_keyword_foundry_bastion,Foundry Bastion,HEPHAESTUS,CHARACTER,faction,retained,{},"Retain 5 GP: A4/D7, movement 1, range 2; keyword specialization VANGUARD.",41,41
hephaestus_foundry_siege_walker,Foundry Siege Walker,HEPHAESTUS,CHARACTER,faction,mechanical change,"{""attack"": {""after"": 5, ""before"": 6}, ""keywords"": {""after"": [""SIEGE""], ""before"": []}}",Exchange raw attack for its named siege role without raising ranged burst.,47,44
hephaestus_golden_hand_artificer,Golden Hand Artificer,HEPHAESTUS,CHARACTER,faction,retained,{},"Retain 5 GP: A4/D6, movement 2, range 2; keyword specialization MOLE.",31,37
hephaestus_sharp_turret_linker,Turret Linker,HEPHAESTUS,CHARACTER,faction,retained,{},"Retain 5 GP: A4/D6, movement 1, range 2; keyword specialization SHARP_SHOT.",21,24
hephaestus_ability_forge_ram,Forge Ram,HEPHAESTUS,CHARACTER,faction,retained,{},"Retain 6 GP: A6/D7, movement 1, range 1; keyword specialization SIEGE.",41,42
hephaestus_keyword_mantle_borer,Mantle Borer,HEPHAESTUS,CHARACTER,faction,retained,{},"Retain 6 GP: A7/D7, movement 1, range 1; keyword specialization SIEGE.",43,43
hephaestus_siege_molten_borer,Molten Borer,HEPHAESTUS,CHARACTER,faction,retained,{},"Retain 6 GP: A6/D7, movement 1, range 1; keyword specialization SIEGE.",40,40
hephaestus_talos_colossus,Talos Colossus,HEPHAESTUS,CHARACTER,faction,retained,{},"Retain 6 GP: A6/D8, movement 1, range 1; keyword specialization VANGUARD.",55,46
hephaestus_hephaestus_masterwork,Hephaestus Masterwork,HEPHAESTUS,CHARACTER,faction,retained,{},"Retain 7 GP: A7/D7, movement 2, range 2; keyword specialization VANGUARD.",49,44
hephaestus_keyword_colossus_prime,Colossus Prime,HEPHAESTUS,CHARACTER,faction,retained,{},"Retain 8 GP: A8/D10, movement 2, range 2; keyword specialization VANGUARD.",41,41
hephaestus_apex_hephaestus_forge_avatar,Hephaestus Forge Avatar,HEPHAESTUS,CHARACTER,faction,retained,{},"Retain 9 GP: A9/D10, movement 2, range 2; keyword specialization MOLE, VANGUARD.",27,24
hephaestus_cinderworks_lot,Cinderworks Lot,HEPHAESTUS,LAND,faction,retained,{},"Retain turn-1 development: 6 HP, 1 base income, 0 gold; utility offset by activation payment/lower income or a free infrastructure baseline.",63,64
hephaestus_cyclops_foundry_floor,Cyclops Foundry Floor,HEPHAESTUS,LAND,faction,retained,{},"Retain turn-1 development: 8 HP, 1 base income, 0 gold; utility offset by activation payment/lower income or a free infrastructure baseline.",42,47
hephaestus_magma_conduit_field,Magma Conduit Field,HEPHAESTUS,LAND,faction,retained,{},"Retain turn-1 development: 7 HP, 1 base income, 0 gold; utility offset by activation payment/lower income or a free infrastructure baseline.",44,43
hephaestus_land_slag_claim,Slag Claim,HEPHAESTUS,LAND,faction,mechanical change,"{""archetypes"": {""after"": [""INDUSTRIAL""], ""before"": []}, ""hitPoints"": {""after"": 8, ""before"": 9}}",Keep a free turn-1 option while reducing the strict durability upgrade over earlier lands. Add or correct a searchable archetype from the card's explicit identity; no automatic stat bonus.,37,36
hephaestus_tutor_land_1,Bronze Muster Yard,HEPHAESTUS,LAND,faction,mechanical change,"{""abilities"": {""after"": [{""amount"": 1, ""effect"": ""DRAW_STRUCTURE"", ""gpCost"": 2, ""trigger"": ""ACTIVATED""}], ""before"": [{""amount"": 1, ""effect"": ""DRAW_STRUCTURE"", ""gpCost"": 1, ""trigger"": ""ACTIVATED""}]}, ""archetypes"": {""after"": [""MUSTER_GROUND""], ""before"": []}}","Standardize typed draw at 2 GP. First two tiers stay free; later tiers pay 1/2/2 gold for durable draw engines, with faction utility on the final two tiers. Add Muster Ground or Recruitment grouping.",38,36
hephaestus_land_copper_seam,Copper Seam,HEPHAESTUS,LAND,faction,retained,{},"Retain turn-2 development: 10 HP, 1 base income, 0 gold; utility offset by activation payment/lower income or a free infrastructure baseline.",36,33
hephaestus_hephaestus_core_forge,Hephaestus Core Forge,HEPHAESTUS,LAND,faction,retained,{},"Retain turn-2 development: 10 HP, 1 base income, 0 gold; utility offset by activation payment/lower income or a free infrastructure baseline.",40,42
hephaestus_ability_ore_vein,Living Ore Vein,HEPHAESTUS,LAND,faction,retained,{},"Retain turn-2 development: 9 HP, 1 base income, 0 gold; utility offset by activation payment/lower income or a free infrastructure baseline.",37,34
hephaestus_tutor_land_2,Vanguard Assembly Line,HEPHAESTUS,LAND,faction,mechanical change,"{""abilities"": {""after"": [{""amount"": 1, ""effect"": ""DRAW_STRUCTURE"", ""gpCost"": 2, ""trigger"": ""ACTIVATED""}], ""before"": [{""amount"": 1, ""effect"": ""DRAW_STRUCTURE"", ""gpCost"": 1, ""trigger"": ""ACTIVATED""}]}, ""archetypes"": {""after"": [""MUSTER_GROUND""], ""before"": []}}","Standardize typed draw at 2 GP. First two tiers stay free; later tiers pay 1/2/2 gold for durable draw engines, with faction utility on the final two tiers. Add Muster Ground or Recruitment grouping.",33,33
hephaestus_land_caldera_works,Caldera Works,HEPHAESTUS,LAND,faction,mechanical change,"{""developmentGoldCost"": {""after"": 3, ""before"": 0}, ""keywordValues"": {""after"": {""FERTILE"": {""amount"": 1, ""range"": 0}}, ""before"": {}}, ""keywords"": {""after"": [""FERTILE""], ""before"": []}}",Add faction-role utility; surcharge pays for the benefit beyond the free income/HP baseline.,35,32
hephaestus_tutor_land_3,Siegeframe Proving Ground,HEPHAESTUS,LAND,faction,mechanical change,"{""archetypes"": {""after"": [""MUSTER_GROUND""], ""before"": []}, ""developmentGoldCost"": {""after"": 1, ""before"": 0}}","Standardize typed draw at 2 GP. First two tiers stay free; later tiers pay 1/2/2 gold for durable draw engines, with faction utility on the final two tiers. Add Muster Ground or Recruitment grouping.",28,30
hephaestus_apex_titan_salvage_expanse,Titan Salvage Expanse,HEPHAESTUS,LAND,faction,mechanical change,"{""developmentGoldCost"": {""after"": 1, ""before"": 0}, ""keywordValues"": {""after"": {""ARCHIVE"": {""amount"": 1, ""range"": 0}}, ""before"": {}}, ""keywords"": {""after"": [""ARCHIVE""], ""before"": []}}",Add faction-role utility; surcharge pays for the benefit beyond the free income/HP baseline.,34,32
hephaestus_apex_golden_factory_district,Golden Factory District,HEPHAESTUS,LAND,faction,archetype only,"{""archetypes"": {""after"": [""INDUSTRIAL"", ""URBAN""], ""before"": []}}",Add or correct a searchable archetype from the card's explicit identity; no automatic stat bonus.,44,42
hephaestus_land_mantle_concession,Mantle Concession,HEPHAESTUS,LAND,faction,retained,{},"Retain turn-7 development: 22 HP, 4 base income, 0 gold; utility offset by activation payment/lower income or a free infrastructure baseline.",35,34
hephaestus_tutor_land_4,Colossus Foundry Field,HEPHAESTUS,LAND,faction,mechanical change,"{""archetypes"": {""after"": [""MUSTER_GROUND""], ""before"": []}, ""developmentGoldCost"": {""after"": 2, ""before"": 0}, ""keywordValues"": {""after"": {""ARCHIVE"": {""amount"": 1, ""range"": 0}}, ""before"": {}}, ""keywords"": {""after"": [""ARCHIVE""], ""before"": []}}","Standardize typed draw at 2 GP. First two tiers stay free; later tiers pay 1/2/2 gold for durable draw engines, with faction utility on the final two tiers. Add Muster Ground or Recruitment grouping.",33,33
hephaestus_apex_olympian_magma_heart,Olympian Magma Heart,HEPHAESTUS,LAND,faction,retained,{},"Retain turn-8 development: 19 HP, 4 base income, 0 gold; utility offset by activation payment/lower income or a free infrastructure baseline.",44,45
hephaestus_tutor_land_5,Worldforge Deployment Bay,HEPHAESTUS,LAND,faction,mechanical change,"{""abilities"": {""after"": [{""amount"": 1, ""effect"": ""DRAW_STRUCTURE"", ""gpCost"": 2, ""trigger"": ""ACTIVATED""}], ""before"": [{""amount"": 1, ""effect"": ""DRAW_STRUCTURE"", ""gpCost"": 3, ""trigger"": ""ACTIVATED""}]}, ""archetypes"": {""after"": [""MUSTER_GROUND""], ""before"": []}, ""developmentGoldCost"": {""after"": 2, ""before"": 0}, ""keywordValues"": {""after"": {""ARCHIVE"": {""amount"": 1, ""range"": 0}}, ""before"": {}}, ""keywords"": {""after"": [""ARCHIVE""], ""before"": []}}","Standardize typed draw at 2 GP. First two tiers stay free; later tiers pay 1/2/2 gold for durable draw engines, with faction utility on the final two tiers. Add Muster Ground or Recruitment grouping.",34,35
hephaestus_field_repair,Field Repair,HEPHAESTUS,SPELL,faction,mechanical change,"{""cost"": {""after"": 2, ""before"": 3}}",Repair efficiency is a forge faction strength.,42,42
hephaestus_overclock,Overclock,HEPHAESTUS,SPELL,faction,retained,{},"Retain 2-GP single-use effect: [{""amount"": 2, ""target"": ""FRIENDLY"", ""type"": ""BUFF_ATTACK""}]; no extra price for rarity.",42,40
hephaestus_reactive_plating,Reactive Plating,HEPHAESTUS,SPELL,faction,mechanical change,"{""cost"": {""after"": 2, ""before"": 3}}",Match equivalent +3 Defense spells.,41,44
hephaestus_plasma_cut,Plasma Cut,HEPHAESTUS,SPELL,faction,retained,{},"Retain 3-GP single-use effect: [{""amount"": 4, ""target"": ""ENEMY"", ""type"": ""STRIKE_CHARACTER""}]; no extra price for rarity.",36,40
hephaestus_core_meltdown,Core Meltdown,HEPHAESTUS,SPELL,faction,retained,{},"Retain 4-GP single-use effect: [{""amount"": 5, ""target"": ""ENEMY"", ""type"": ""DAMAGE_PERMANENT""}]; no extra price for rarity.",43,45
hephaestus_apex_masterwork_restoration,Masterwork Restoration,HEPHAESTUS,SPELL,faction,mechanical change,"{""archetypes"": {""after"": [""ARTIFICE""], ""before"": []}, ""cost"": {""after"": 5, ""before"": 7}}",Large single-target repair should not cost almost as much as lethal burn. Add or correct a searchable archetype from the card's explicit identity; no automatic stat bonus.,36,37
hephaestus_automaton_assembly_line,Automaton Assembly Line,HEPHAESTUS,STRUCTURE,faction,retained,{},"Retain turn-1 development: 7 HP, 1 base income, 0 gold; utility offset by activation payment/lower income or a free infrastructure baseline.",40,42
hephaestus_tutor_structure_1,Bronze Vanguard Forge,HEPHAESTUS,STRUCTURE,faction,mechanical change,"{""abilities"": {""after"": [{""amount"": 1, ""effect"": ""DRAW_CHARACTER"", ""gpCost"": 2, ""trigger"": ""ACTIVATED""}], ""before"": [{""amount"": 1, ""effect"": ""DRAW_CHARACTER"", ""gpCost"": 1, ""trigger"": ""ACTIVATED""}]}, ""archetypes"": {""after"": [""RECRUITMENT""], ""before"": []}}","Standardize typed draw at 2 GP. First two tiers stay free; later tiers pay 1/2/2 gold for durable draw engines, with faction utility on the final two tiers. Add Muster Ground or Recruitment grouping.",35,35
hephaestus_smart_metal_bulwark,Smart-Metal Bulwark,HEPHAESTUS,STRUCTURE,faction,mechanical change,"{""developmentGoldCost"": {""after"": 1, ""before"": 0}, ""keywordValues"": {""after"": {""BULWARK"": {""amount"": 1, ""range"": 0}}, ""before"": {}}, ""keywords"": {""after"": [""BULWARK""], ""before"": []}}",Add faction-role utility; surcharge pays for the benefit beyond the free income/HP baseline.,39,37
hephaestus_cyclops_plasma_furnace,Cyclops Plasma Furnace,HEPHAESTUS,STRUCTURE,faction,retained,{},"Retain turn-3 development: 10 HP, 2 base income, 3 gold; paid terrain utility.",44,42
hephaestus_structure_gear_mint,Gear Mint,HEPHAESTUS,STRUCTURE,faction,retained,{},"Retain turn-3 development: 13 HP, 2 base income, 0 gold; utility offset by activation payment/lower income or a free infrastructure baseline.",36,35
hephaestus_structure_precision_mill,Precision Mill,HEPHAESTUS,STRUCTURE,faction,mechanical change,"{""archetypes"": {""after"": [""WORKSHOP""], ""before"": []}, ""hitPoints"": {""after"": 13, ""before"": 17}}",Free turn-4 infrastructure trades utility for moderate durability. Add or correct a searchable archetype from the card's explicit identity; no automatic stat bonus.,36,38
hephaestus_ability_repair_foundry,Repair Foundry,HEPHAESTUS,STRUCTURE,faction,retained,{},"Retain turn-4 development: 12 HP, 1 base income, 2 gold; paid terrain utility.",36,33
hephaestus_tutor_structure_2,Siegecrew Workshop,HEPHAESTUS,STRUCTURE,faction,mechanical change,"{""abilities"": {""after"": [{""amount"": 1, ""effect"": ""DRAW_CHARACTER"", ""gpCost"": 2, ""trigger"": ""ACTIVATED""}], ""before"": [{""amount"": 1, ""effect"": ""DRAW_CHARACTER"", ""gpCost"": 1, ""trigger"": ""ACTIVATED""}]}, ""archetypes"": {""after"": [""RECRUITMENT""], ""before"": []}}","Standardize typed draw at 2 GP. First two tiers stay free; later tiers pay 1/2/2 gold for durable draw engines, with faction utility on the final two tiers. Add Muster Ground or Recruitment grouping.",39,35
hephaestus_talos_foundry_citadel,Talos Foundry Citadel,HEPHAESTUS,STRUCTURE,faction,retained,{},"Retain turn-4 development: 13 HP, 1 base income, 0 gold; utility offset by activation payment/lower income or a free infrastructure baseline.",40,40
hephaestus_apex_adamant_bulwark_engine,Adamant Bulwark Engine,HEPHAESTUS,STRUCTURE,faction,mechanical change,"{""archetypes"": {""after"": [""FORTRESS""], ""before"": []}, ""developmentGoldCost"": {""after"": 3, ""before"": 0}, ""keywordValues"": {""after"": {""BULWARK"": {""amount"": 2, ""range"": 0}}, ""before"": {}}, ""keywords"": {""after"": [""BULWARK""], ""before"": []}}",Add faction-role utility; surcharge pays for the benefit beyond the free income/HP baseline. Add or correct a searchable archetype from the card's explicit identity; no automatic stat bonus.,44,45
hephaestus_tutor_structure_3,Automaton Muster Line,HEPHAESTUS,STRUCTURE,faction,mechanical change,"{""archetypes"": {""after"": [""RECRUITMENT""], ""before"": []}, ""developmentGoldCost"": {""after"": 1, ""before"": 0}}","Standardize typed draw at 2 GP. First two tiers stay free; later tiers pay 1/2/2 gold for durable draw engines, with faction utility on the final two tiers. Add Muster Ground or Recruitment grouping.",39,35
hephaestus_structure_automender_foundry,Automender Foundry,HEPHAESTUS,STRUCTURE,faction,mechanical change,"{""developmentGoldCost"": {""after"": 2, ""before"": 0}, ""keywordValues"": {""after"": {""WORKSHOP"": {""amount"": 2, ""range"": 1}}, ""before"": {}}, ""keywords"": {""after"": [""WORKSHOP""], ""before"": []}}",Add faction-role utility; surcharge pays for the benefit beyond the free income/HP baseline.,38,35
hephaestus_apex_daedalus_infinite_workshop,Daedalus Infinite Workshop,HEPHAESTUS,STRUCTURE,faction,mechanical change,"{""archetypes"": {""after"": [""WORKSHOP""], ""before"": []}, ""developmentGoldCost"": {""after"": 3, ""before"": 0}, ""keywordValues"": {""after"": {""WORKSHOP"": {""amount"": 2, ""range"": 2}}, ""before"": {}}, ""keywords"": {""after"": [""WORKSHOP""], ""before"": []}}",Add faction-role utility; surcharge pays for the benefit beyond the free income/HP baseline. Add or correct a searchable archetype from the card's explicit identity; no automatic stat bonus.,44,44
hephaestus_apex_cyclops_star_furnace,Cyclops Star Furnace,HEPHAESTUS,STRUCTURE,faction,mechanical change,"{""archetypes"": {""after"": [""WORKSHOP""], ""before"": []}, ""developmentGoldCost"": {""after"": 3, ""before"": 0}, ""keywordValues"": {""after"": {""TURRET"": {""amount"": 2, ""range"": 2}}, ""before"": {}}, ""keywords"": {""after"": [""TURRET""], ""before"": []}}",Add faction-role utility; surcharge pays for the benefit beyond the free income/HP baseline. Add or correct a searchable archetype from the card's explicit identity; no automatic stat bonus.,42,43
hephaestus_tutor_structure_4,Titanframe Assembly,HEPHAESTUS,STRUCTURE,faction,mechanical change,"{""archetypes"": {""after"": [""RECRUITMENT""], ""before"": []}, ""developmentGoldCost"": {""after"": 2, ""before"": 0}, ""keywordValues"": {""after"": {""WORKSHOP"": {""amount"": 1, ""range"": 1}}, ""before"": {}}, ""keywords"": {""after"": [""WORKSHOP""], ""before"": []}}","Standardize typed draw at 2 GP. First two tiers stay free; later tiers pay 1/2/2 gold for durable draw engines, with faction utility on the final two tiers. Add Muster Ground or Recruitment grouping.",38,34
hephaestus_structure_perpetual_works,Perpetual Works,HEPHAESTUS,STRUCTURE,faction,mechanical change,"{""developmentGoldCost"": {""after"": 1, ""before"": 0}}","Late high-HP, high-income infrastructure also has a passive; add a modest utility surcharge.",36,33
hephaestus_apex_talos_resurrection_cradle,Talos Resurrection Cradle,HEPHAESTUS,STRUCTURE,faction,mechanical change,"{""developmentGoldCost"": {""after"": 2, ""before"": 0}, ""keywordValues"": {""after"": {""MEDIC_TENT"": {""amount"": 2, ""range"": 1}}, ""before"": {}}, ""keywords"": {""after"": [""MEDIC_TENT""], ""before"": []}}",Add faction-role utility; surcharge pays for the benefit beyond the free income/HP baseline.,37,37
hephaestus_tutor_structure_5,Divine Engine Command,HEPHAESTUS,STRUCTURE,faction,mechanical change,"{""abilities"": {""after"": [{""amount"": 1, ""effect"": ""DRAW_CHARACTER"", ""gpCost"": 2, ""trigger"": ""ACTIVATED""}], ""before"": [{""amount"": 1, ""effect"": ""DRAW_CHARACTER"", ""gpCost"": 3, ""trigger"": ""ACTIVATED""}]}, ""archetypes"": {""after"": [""RECRUITMENT""], ""before"": []}, ""developmentGoldCost"": {""after"": 2, ""before"": 0}, ""keywordValues"": {""after"": {""WORKSHOP"": {""amount"": 1, ""range"": 1}}, ""before"": {}}, ""keywords"": {""after"": [""WORKSHOP""], ""before"": []}}","Standardize typed draw at 2 GP. First two tiers stay free; later tiers pay 1/2/2 gold for durable draw engines, with faction utility on the final two tiers. Add Muster Ground or Recruitment grouping.",34,30
hephaestus_apex_forge_of_divine_machines,Forge of Divine Machines,HEPHAESTUS,STRUCTURE,faction,archetype only,"{""archetypes"": {""after"": [""WORKSHOP""], ""before"": []}}",Add or correct a searchable archetype from the card's explicit identity; no automatic stat bonus.,26,27
poseidon_capital_abyssal_court,Abyssal Court,POSEIDON,CAPITAL,faction,retained,{},Retain the 20-HP Capital and its conditional faction role: The first Mole you burrow each turn refunds 1 GP.,0,0
poseidon_capital_atlantis_nexus,Atlantis Nexus,POSEIDON,CAPITAL,faction,retained,{},Retain the 20-HP Capital and its conditional faction role: Start of your turn: heal 3 damage from your most damaged Land.,0,0
poseidon_capital_trident_bastion,Trident Bastion,POSEIDON,CAPITAL,faction,archetype only,"{""archetypes"": {""after"": [""FORTRESS""], ""before"": []}}",Add or correct a searchable archetype from the card's explicit identity; no automatic stat bonus.,0,0
poseidon_tidepool_surveyor,Tidepool Surveyor,POSEIDON,CHARACTER,faction,mechanical change,"{""range"": {""after"": 1, ""before"": 2}}",Keep its early defensive body but charge reach through later specialists.,62,61
poseidon_nereid_current_rider,Nereid Current-Rider,POSEIDON,CHARACTER,faction,mechanical change,"{""cost"": {""after"": 2, ""before"": 1}}",A 2-Attack movement-4 Blink body needs more than 1 GP.,42,40
poseidon_keyword_reef_tunneler,Reef Tunneler,POSEIDON,CHARACTER,faction,mechanical change,"{""movement"": {""after"": 3, ""before"": 2}}",Trade attack for movement compared with Undertow Stalker.,49,50
poseidon_reefline_defender,Reefline Defender,POSEIDON,CHARACTER,faction,mechanical change,"{""defense"": {""after"": 3, ""before"": 4}}",Reduce early Vanguard lockout while retaining the slow blocker role.,59,57
poseidon_undertow_stalker,Undertow Stalker,POSEIDON,CHARACTER,faction,retained,{},"Retain 2 GP: A3/D2, movement 2, range 1; keyword specialization MOLE.",53,52
poseidon_keyword_breakwater_hoplite,Breakwater Hoplite,POSEIDON,CHARACTER,faction,archetype only,"{""archetypes"": {""after"": [""HUMAN"", ""MERFOLK""], ""before"": [""MERFOLK""]}}",Add or correct a searchable archetype from the card's explicit identity; no automatic stat bonus.,50,49
poseidon_delphic_sonar_adept,Delphic Sonar Adept,POSEIDON,CHARACTER,faction,retained,{},"Retain 3 GP: A2/D3, movement 2, range 3; stats-only body.",58,51
poseidon_fast_razorfin_lancer,Razorfin Lancer,POSEIDON,CHARACTER,faction,retained,{},"Retain 3 GP: A4/D2, movement 3, range 1; keyword specialization FAST_STRIKE.",32,30
poseidon_triton_waveguard,Triton Waveguard,POSEIDON,CHARACTER,faction,retained,{},"Retain 3 GP: A3/D4, movement 2, range 1; keyword specialization VANGUARD.",67,55
poseidon_abyssal_molecrab,Abyssal Molecrab,POSEIDON,CHARACTER,faction,retained,{},"Retain 4 GP: A4/D5, movement 2, range 1; keyword specialization MOLE.",59,59
poseidon_kraken_tendril_drone,Kraken Tendril Drone,POSEIDON,CHARACTER,faction,retained,{},"Retain 4 GP: A5/D3, movement 2, range 2; stats-only body.",59,58
poseidon_naiad_flowshaper,Naiad Flowshaper,POSEIDON,CHARACTER,faction,retained,{},"Retain 4 GP: A3/D5, movement 3, range 2; keyword specialization BLINK.",43,42
poseidon_oceanid_pressure_mage,Oceanid Pressure Mage,POSEIDON,CHARACTER,faction,retained,{},"Retain 5 GP: A5/D4, movement 2, range 3; stats-only body.",54,52
poseidon_ability_reefwarden,Reefwarden,POSEIDON,CHARACTER,faction,mechanical change,"{""defense"": {""after"": 6, ""before"": 7}}",Its recurring defense bonus already supplies the seventh point.,48,49
poseidon_sharp_tidewall_harpooner,Tidewall Harpooner,POSEIDON,CHARACTER,faction,retained,{},"Retain 5 GP: A4/D5, movement 2, range 2; keyword specialization SHARP_SHOT.",31,32
poseidon_keyword_trench_stalker,Trench Stalker,POSEIDON,CHARACTER,faction,retained,{},"Retain 5 GP: A5/D5, movement 2, range 1; keyword specialization MOLE.",48,48
poseidon_siege_kraken_sapper,Kraken Sapper,POSEIDON,CHARACTER,faction,archetype only,"{""archetypes"": {""after"": [""BEAST""], ""before"": []}}",Add or correct a searchable archetype from the card's explicit identity; no automatic stat bonus.,34,33
poseidon_leviathan_wakeborn,Leviathan Wakeborn,POSEIDON,CHARACTER,faction,retained,{},"Retain 6 GP: A6/D6, movement 2, range 1; keyword specialization VANGUARD.",58,56
poseidon_keyword_maelstrom_bulwark,Maelstrom Bulwark,POSEIDON,CHARACTER,faction,retained,{},"Retain 6 GP: A5/D8, movement 2, range 1; keyword specialization VANGUARD.",47,54
poseidon_apex_abysswalker_nereid,Abysswalker Nereid,POSEIDON,CHARACTER,faction,archetype only,"{""archetypes"": {""after"": [""NYMPH""], ""before"": []}}",Add or correct a searchable archetype from the card's explicit identity; no automatic stat bonus.,36,31
poseidon_poseidons_trident_core,Poseidon's Trident Core,POSEIDON,CHARACTER,faction,retained,{},"Retain 7 GP: A7/D5, movement 3, range 3; stats-only body.",57,56
poseidon_keyword_abyssal_leviathan,Abyssal Leviathan,POSEIDON,CHARACTER,faction,retained,{},"Retain 8 GP: A9/D8, movement 2, range 1; keyword specialization MOLE.",51,45
poseidon_apex_atlantis_tide_sovereign,Atlantis Tide Sovereign,POSEIDON,CHARACTER,faction,retained,{},"Retain 9 GP: A8/D10, movement 2, range 2; keyword specialization VANGUARD.",56,57
poseidon_apex_kraken_prime_avatar,Kraken Prime Avatar,POSEIDON,CHARACTER,faction,archetype only,"{""archetypes"": {""after"": [""BEAST""], ""before"": []}}",Add or correct a searchable archetype from the card's explicit identity; no automatic stat bonus.,57,55
poseidon_neon_tidelands,Neon Tidelands,POSEIDON,LAND,faction,retained,{},"Retain turn-1 development: 6 HP, 1 base income, 0 gold; utility offset by activation payment/lower income or a free infrastructure baseline.",53,53
poseidon_abyssal_pressure_trench,Abyssal Pressure Trench,POSEIDON,LAND,faction,retained,{},"Retain turn-1 development: 8 HP, 1 base income, 0 gold; utility offset by activation payment/lower income or a free infrastructure baseline.",55,54
poseidon_coral_data_reef,Coral Data Reef,POSEIDON,LAND,faction,retained,{},"Retain turn-1 development: 7 HP, 1 base income, 0 gold; utility offset by activation payment/lower income or a free infrastructure baseline.",54,49
poseidon_land_saltmarsh_harbor,Saltmarsh Harbor,POSEIDON,LAND,faction,mechanical change,"{""archetypes"": {""after"": [""COAST""], ""before"": []}, ""hitPoints"": {""after"": 8, ""before"": 9}}",Keep a free turn-1 option while reducing the strict durability upgrade over earlier lands. Add or correct a searchable archetype from the card's explicit identity; no automatic stat bonus.,45,44
poseidon_land_coral_tributary,Coral Tributary,POSEIDON,LAND,faction,mechanical change,"{""developmentGoldCost"": {""after"": 1, ""before"": 0}, ""keywordValues"": {""after"": {""SANCTUARY"": {""amount"": 1, ""range"": 0}}, ""before"": {}}, ""keywords"": {""after"": [""SANCTUARY""], ""before"": []}}",Add faction-role utility; surcharge pays for the benefit beyond the free income/HP baseline.,44,45
poseidon_ability_healing_shoal,Healing Shoal,POSEIDON,LAND,faction,retained,{},"Retain turn-2 development: 8 HP, 1 base income, 1 gold; paid terrain utility.",44,45
poseidon_tutor_land_1,Mole-Tide Channel,POSEIDON,LAND,faction,mechanical change,"{""abilities"": {""after"": [{""amount"": 1, ""effect"": ""DRAW_STRUCTURE"", ""gpCost"": 2, ""trigger"": ""ACTIVATED""}], ""before"": [{""amount"": 1, ""effect"": ""DRAW_STRUCTURE"", ""gpCost"": 1, ""trigger"": ""ACTIVATED""}]}, ""archetypes"": {""after"": [""MUSTER_GROUND""], ""before"": []}}","Standardize typed draw at 2 GP. First two tiers stay free; later tiers pay 1/2/2 gold for durable draw engines, with faction utility on the final two tiers. Add Muster Ground or Recruitment grouping.",41,45
poseidon_palace_of_tides_approach,Palace of Tides Approach,POSEIDON,LAND,faction,retained,{},"Retain turn-2 development: 10 HP, 1 base income, 0 gold; utility offset by activation payment/lower income or a free infrastructure baseline.",51,51
poseidon_tutor_land_2,Vanguard Reef,POSEIDON,LAND,faction,mechanical change,"{""abilities"": {""after"": [{""amount"": 1, ""effect"": ""DRAW_STRUCTURE"", ""gpCost"": 2, ""trigger"": ""ACTIVATED""}], ""before"": [{""amount"": 1, ""effect"": ""DRAW_STRUCTURE"", ""gpCost"": 1, ""trigger"": ""ACTIVATED""}]}, ""archetypes"": {""after"": [""MUSTER_GROUND""], ""before"": []}}","Standardize typed draw at 2 GP. First two tiers stay free; later tiers pay 1/2/2 gold for durable draw engines, with faction utility on the final two tiers. Add Muster Ground or Recruitment grouping.",44,44
poseidon_land_leviathan_shelf,Leviathan Shelf,POSEIDON,LAND,faction,archetype only,"{""archetypes"": {""after"": [""COAST"", ""HIGHLAND""], ""before"": [""HIGHLAND""]}}",Add or correct a searchable archetype from the card's explicit identity; no automatic stat bonus.,43,44
poseidon_apex_worldsea_platform,Worldsea Platform,POSEIDON,LAND,faction,retained,{},"Retain turn-5 development: 14 HP, 3 base income, 0 gold; utility offset by activation payment/lower income or a free infrastructure baseline.",50,50
poseidon_tutor_land_3,Leviathan Mooring Shelf,POSEIDON,LAND,faction,mechanical change,"{""archetypes"": {""after"": [""MUSTER_GROUND""], ""before"": []}, ""developmentGoldCost"": {""after"": 1, ""before"": 0}}","Standardize typed draw at 2 GP. First two tiers stay free; later tiers pay 1/2/2 gold for durable draw engines, with faction utility on the final two tiers. Add Muster Ground or Recruitment grouping.",44,43
poseidon_apex_trident_confluence,Trident Confluence,POSEIDON,LAND,faction,retained,{},"Retain turn-6 development: 15 HP, 3 base income, 0 gold; utility offset by activation payment/lower income or a free infrastructure baseline.",52,53
poseidon_apex_leviathan_nursery_trench,Leviathan Nursery Trench,POSEIDON,LAND,faction,mechanical change,"{""developmentGoldCost"": {""after"": 2, ""before"": 0}, ""keywordValues"": {""after"": {""SANCTUARY"": {""amount"": 2, ""range"": 0}}, ""before"": {}}, ""keywords"": {""after"": [""SANCTUARY""], ""before"": []}}",Add faction-role utility; surcharge pays for the benefit beyond the free income/HP baseline.,51,54
poseidon_land_pelagic_kingdom,Pelagic Kingdom,POSEIDON,LAND,faction,retained,{},"Retain turn-7 development: 22 HP, 4 base income, 0 gold; utility offset by activation payment/lower income or a free infrastructure baseline.",43,41
poseidon_apex_oceanus_current_vault,Oceanus Current Vault,POSEIDON,LAND,faction,mechanical change,"{""developmentGoldCost"": {""after"": 1, ""before"": 0}, ""keywordValues"": {""after"": {""WAYSTATION"": {""amount"": 1, ""range"": 0}}, ""before"": {}}, ""keywords"": {""after"": [""WAYSTATION""], ""before"": []}}",Add faction-role utility; surcharge pays for the benefit beyond the free income/HP baseline.,52,51
poseidon_tutor_land_4,Sunken Muster Basin,POSEIDON,LAND,faction,mechanical change,"{""archetypes"": {""after"": [""MUSTER_GROUND""], ""before"": []}, ""developmentGoldCost"": {""after"": 2, ""before"": 0}, ""keywordValues"": {""after"": {""SANCTUARY"": {""amount"": 1, ""range"": 0}}, ""before"": {}}, ""keywords"": {""after"": [""SANCTUARY""], ""before"": []}}","Standardize typed draw at 2 GP. First two tiers stay free; later tiers pay 1/2/2 gold for durable draw engines, with faction utility on the final two tiers. Add Muster Ground or Recruitment grouping.",43,41
poseidon_apex_atlantis_crown_basin,Atlantis Crown Basin,POSEIDON,LAND,faction,retained,{},"Retain turn-9 development: 19 HP, 5 base income, 0 gold; utility offset by activation payment/lower income or a free infrastructure baseline.",53,45
poseidon_tutor_land_5,Worldsea Anchorage,POSEIDON,LAND,faction,mechanical change,"{""abilities"": {""after"": [{""amount"": 1, ""effect"": ""DRAW_STRUCTURE"", ""gpCost"": 2, ""trigger"": ""ACTIVATED""}], ""before"": [{""amount"": 1, ""effect"": ""DRAW_STRUCTURE"", ""gpCost"": 3, ""trigger"": ""ACTIVATED""}]}, ""archetypes"": {""after"": [""MUSTER_GROUND""], ""before"": []}, ""developmentGoldCost"": {""after"": 2, ""before"": 0}, ""keywordValues"": {""after"": {""SANCTUARY"": {""amount"": 1, ""range"": 0}}, ""before"": {}}, ""keywords"": {""after"": [""SANCTUARY""], ""before"": []}}","Standardize typed draw at 2 GP. First two tiers stay free; later tiers pay 1/2/2 gold for durable draw engines, with faction utility on the final two tiers. Add Muster Ground or Recruitment grouping.",28,28
poseidon_restorative_tide,Restorative Tide,POSEIDON,SPELL,faction,mechanical change,"{""cost"": {""after"": 2, ""before"": 3}}",Healing cannot remove a threat; improve defensive tempo.,54,56
poseidon_tidal_armor,Tidal Armor,POSEIDON,SPELL,faction,retained,{},"Retain 2-GP single-use effect: [{""amount"": 3, ""target"": ""FRIENDLY"", ""type"": ""BUFF_DEFENSE""}]; no extra price for rarity.",49,47
poseidon_crushing_depths,Crushing Depths,POSEIDON,SPELL,faction,retained,{},"Retain 3-GP single-use effect: [{""amount"": 4, ""target"": ""ENEMY"", ""type"": ""STRIKE_CHARACTER""}]; no extra price for rarity.",44,43
poseidon_erode_foundation,Erode Foundation,POSEIDON,SPELL,faction,retained,{},"Retain 3-GP single-use effect: [{""amount"": 3, ""target"": ""ENEMY"", ""type"": ""DAMAGE_PERMANENT""}]; no extra price for rarity.",54,48
poseidon_undertow_recall,Undertow Recall,POSEIDON,SPELL,faction,retained,{},"Retain 4-GP single-use effect: [{""amount"": 1, ""target"": ""ENEMY"", ""type"": ""RETURN_CHARACTER""}]; no extra price for rarity.",55,49
poseidon_apex_maelstrom_verdict,Maelstrom Verdict,POSEIDON,SPELL,faction,archetype only,"{""archetypes"": {""after"": [""TIDAL""], ""before"": []}}",Add or correct a searchable archetype from the card's explicit identity; no automatic stat bonus.,48,46
poseidon_tidal_pump_station,Tidal Pump Station,POSEIDON,STRUCTURE,faction,retained,{},"Retain turn-1 development: 6 HP, 1 base income, 1 gold; paid terrain utility.",67,65
poseidon_coral_bulwark,Coral Bulwark,POSEIDON,STRUCTURE,faction,mechanical change,"{""developmentGoldCost"": {""after"": 1, ""before"": 0}, ""keywordValues"": {""after"": {""BULWARK"": {""amount"": 1, ""range"": 0}}, ""before"": {}}, ""keywords"": {""after"": [""BULWARK""], ""before"": []}}",Add faction-role utility; surcharge pays for the benefit beyond the free income/HP baseline.,69,74
poseidon_sonar_beacon,Sonar Beacon,POSEIDON,STRUCTURE,faction,retained,{},"Retain turn-2 development: 6 HP, 1 base income, 0 gold; utility offset by activation payment/lower income or a free infrastructure baseline.",71,73
poseidon_tutor_structure_1,Undertow Burrow Gate,POSEIDON,STRUCTURE,faction,mechanical change,"{""abilities"": {""after"": [{""amount"": 1, ""effect"": ""DRAW_CHARACTER"", ""gpCost"": 2, ""trigger"": ""ACTIVATED""}], ""before"": [{""amount"": 1, ""effect"": ""DRAW_CHARACTER"", ""gpCost"": 1, ""trigger"": ""ACTIVATED""}]}, ""archetypes"": {""after"": [""RECRUITMENT""], ""before"": []}}","Standardize typed draw at 2 GP. First two tiers stay free; later tiers pay 1/2/2 gold for durable draw engines, with faction utility on the final two tiers. Add Muster Ground or Recruitment grouping.",49,52
poseidon_structure_tidevault,Tidevault,POSEIDON,STRUCTURE,faction,retained,{},"Retain turn-3 development: 12 HP, 2 base income, 0 gold; utility offset by activation payment/lower income or a free infrastructure baseline.",47,48
poseidon_abyss_gate,Abyss Gate,POSEIDON,STRUCTURE,faction,retained,{},"Retain turn-4 development: 12 HP, 1 base income, 0 gold; utility offset by activation payment/lower income or a free infrastructure baseline.",52,54
poseidon_structure_current_exchange,Current Exchange,POSEIDON,STRUCTURE,faction,mechanical change,"{""hitPoints"": {""after"": 13, ""before"": 16}}",Free turn-4 infrastructure trades utility for moderate durability.,46,47
poseidon_tutor_structure_2,Tideguard Barracks,POSEIDON,STRUCTURE,faction,mechanical change,"{""abilities"": {""after"": [{""amount"": 1, ""effect"": ""DRAW_CHARACTER"", ""gpCost"": 2, ""trigger"": ""ACTIVATED""}], ""before"": [{""amount"": 1, ""effect"": ""DRAW_CHARACTER"", ""gpCost"": 1, ""trigger"": ""ACTIVATED""}]}, ""archetypes"": {""after"": [""RECRUITMENT""], ""before"": []}}","Standardize typed draw at 2 GP. First two tiers stay free; later tiers pay 1/2/2 gold for durable draw engines, with faction utility on the final two tiers. Add Muster Ground or Recruitment grouping.",44,44
poseidon_ability_tidewell,Tidewell Bastion,POSEIDON,STRUCTURE,faction,archetype only,"{""archetypes"": {""after"": [""FORTRESS"", ""MEDICAL""], ""before"": [""FORTRESS""]}}",Add or correct a searchable archetype from the card's explicit identity; no automatic stat bonus.,47,46
poseidon_tutor_structure_3,Nereid Calling Conch,POSEIDON,STRUCTURE,faction,mechanical change,"{""archetypes"": {""after"": [""RECRUITMENT""], ""before"": []}, ""developmentGoldCost"": {""after"": 1, ""before"": 0}}","Standardize typed draw at 2 GP. First two tiers stay free; later tiers pay 1/2/2 gold for durable draw engines, with faction utility on the final two tiers. Add Muster Ground or Recruitment grouping.",44,41
poseidon_structure_pearl_infirmary,Pearl Infirmary,POSEIDON,STRUCTURE,faction,retained,{},"Retain turn-6 development: 18 HP, 2 base income, 2 gold; paid terrain utility.",43,46
poseidon_tutor_structure_4,Leviathan Muster Dock,POSEIDON,STRUCTURE,faction,mechanical change,"{""archetypes"": {""after"": [""RECRUITMENT""], ""before"": []}, ""developmentGoldCost"": {""after"": 2, ""before"": 0}, ""keywordValues"": {""after"": {""MEDIC_TENT"": {""amount"": 1, ""range"": 1}}, ""before"": {}}, ""keywords"": {""after"": [""MEDIC_TENT""], ""before"": []}}","Standardize typed draw at 2 GP. First two tiers stay free; later tiers pay 1/2/2 gold for durable draw engines, with faction utility on the final two tiers. Add Muster Ground or Recruitment grouping.",49,48
poseidon_structure_ambrosial_spring,Ambrosial Spring,POSEIDON,STRUCTURE,faction,mechanical change,"{""archetypes"": {""after"": [""MEDICAL""], ""before"": []}, ""developmentGoldCost"": {""after"": 1, ""before"": 0}}","Late high-HP, high-income infrastructure also has a passive; add a modest utility surcharge. Add or correct a searchable archetype from the card's explicit identity; no automatic stat bonus.",44,45
poseidon_apex_leviathan_gate,Leviathan Gate,POSEIDON,STRUCTURE,faction,mechanical change,"{""developmentGoldCost"": {""after"": 2, ""before"": 0}, ""keywordValues"": {""after"": {""MEDIC_TENT"": {""amount"": 2, ""range"": 2}}, ""before"": {}}, ""keywords"": {""after"": [""MEDIC_TENT""], ""before"": []}}",Add faction-role utility; surcharge pays for the benefit beyond the free income/HP baseline.,47,46
poseidon_tutor_structure_5,Thalassic Hero Hall,POSEIDON,STRUCTURE,faction,mechanical change,"{""abilities"": {""after"": [{""amount"": 1, ""effect"": ""DRAW_CHARACTER"", ""gpCost"": 2, ""trigger"": ""ACTIVATED""}], ""before"": [{""amount"": 1, ""effect"": ""DRAW_CHARACTER"", ""gpCost"": 3, ""trigger"": ""ACTIVATED""}]}, ""archetypes"": {""after"": [""RECRUITMENT""], ""before"": []}, ""developmentGoldCost"": {""after"": 2, ""before"": 0}, ""keywordValues"": {""after"": {""MEDIC_TENT"": {""amount"": 1, ""range"": 1}}, ""before"": {}}, ""keywords"": {""after"": [""MEDIC_TENT""], ""before"": []}}","Standardize typed draw at 2 GP. First two tiers stay free; later tiers pay 1/2/2 gold for durable draw engines, with faction utility on the final two tiers. Add Muster Ground or Recruitment grouping.",47,45
neo_proto_hephaestus_drone,Hephaestus' Drone,UNASSIGNED,CHARACTER,legacy,retained,{},"Compatibility audit: legacy DEMO/UNASSIGNED card, excluded from legal faction decks; retained unchanged.",0,0
neo_proto_naiad_recon_droid,Naiad Recon Droid,UNASSIGNED,CHARACTER,legacy,retained,{},"Compatibility audit: legacy DEMO/UNASSIGNED card, excluded from legal faction decks; retained unchanged.",0,0
neo_proto_talus_defender,Talus Defender,UNASSIGNED,CHARACTER,legacy,retained,{},"Compatibility audit: legacy DEMO/UNASSIGNED card, excluded from legal faction decks; retained unchanged.",0,0
neo_proto_zephyr_scout,Zephyr Scout,UNASSIGNED,CHARACTER,legacy,retained,{},"Compatibility audit: legacy DEMO/UNASSIGNED card, excluded from legal faction decks; retained unchanged.",0,0
neo_proto_asclepius_medibot,Asclepius' Medibot,UNASSIGNED,CHARACTER,legacy,retained,{},"Compatibility audit: legacy DEMO/UNASSIGNED card, excluded from legal faction decks; retained unchanged.",0,0
zeus_capital_cloud_throne,Cloud Throne,ZEUS,CAPITAL,faction,mechanical change,"{""capitalPassive"": {""after"": ""The first Character you Blink each turn gains +2 Defense until your next turn."", ""before"": ""The first Character you Blink each turn gains +4 Defense until your next turn.""}}","Reduce free Blink Defense from 4 to 2, leaving a counterplay window for ordinary attacks and Strike thresholds.",0,0
zeus_capital_keraunos_spire,Keraunos Spire,ZEUS,CAPITAL,faction,retained,{},Retain the 20-HP Capital and its conditional faction role: The first Spell you cast each turn refunds 1 GP.,0,0
zeus_capital_olympus_citadel,Olympus Citadel,ZEUS,CAPITAL,faction,mechanical change,"{""archetypes"": {""after"": [""FORTRESS""], ""before"": []}, ""capitalPassive"": {""after"": ""Start of your turn: your first Blink Character gains +2 Attack this turn."", ""before"": ""Start of your turn: your first Blink Character gains +3 Attack this turn.""}}",Add or correct a searchable archetype from the card's explicit identity; no automatic stat bonus. Reduce recurring free Attack from 3 to 2; preserve Blink identity without overwhelming early bodies.,0,0
zeus_arc_relay_scout,Arc Relay Scout,ZEUS,CHARACTER,faction,mechanical change,"{""attack"": {""after"": 1, ""before"": 2}}",A 1-GP ranged scout should trade damage for reach.,44,48
zeus_cloudline_courier,Cloudline Courier,ZEUS,CHARACTER,faction,retained,{},"Retain 1 GP: A1/D1, movement 4, range 1; keyword specialization BLINK.",52,46
zeus_keyword_sparkstep_runner,Sparkstep Runner,ZEUS,CHARACTER,faction,mechanical change,"{""movement"": {""after"": 4, ""before"": 3}}",Give the fragile Blink specialist a mobility niche beside Iris.,27,25
zeus_thunderhead_skirmisher,Thunderhead Skirmisher,ZEUS,CHARACTER,faction,retained,{},"Retain 2 GP: A3/D1, movement 3, range 1; stats-only body.",56,52
zeus_aegis_airguard,Aegis Airguard,ZEUS,CHARACTER,faction,retained,{},"Retain 3 GP: A2/D4, movement 2, range 1; keyword specialization VANGUARD.",27,21
zeus_cyclone_marksman,Cyclone Marksman,ZEUS,CHARACTER,faction,retained,{},"Retain 3 GP: A3/D2, movement 2, range 3; stats-only body.",45,42
zeus_iris_signal_runner,Iris Signal Runner,ZEUS,CHARACTER,faction,mechanical change,"{""cost"": {""after"": 3, ""before"": 2}}",Blink plus ranged combat is a premium early combination.,46,42
zeus_keyword_stormgate_sentinel,Stormgate Sentinel,ZEUS,CHARACTER,faction,retained,{},"Retain 3 GP: A2/D4, movement 2, range 2; keyword specialization SHARP_SHOT.",43,42
zeus_fast_tempest_duelist,Tempest Duelist,ZEUS,CHARACTER,faction,archetype only,"{""archetypes"": {""after"": [""HUMAN""], ""before"": []}}",Add or correct a searchable archetype from the card's explicit identity; no automatic stat bonus.,27,25
zeus_boltwing_cavalier,Boltwing Cavalier,ZEUS,CHARACTER,faction,retained,{},"Retain 4 GP: A4/D3, movement 4, range 1; stats-only body.",47,43
zeus_sharp_aether_spotter,Aether Spotter,ZEUS,CHARACTER,faction,retained,{},"Retain 5 GP: A4/D4, movement 2, range 2; keyword specialization SHARP_SHOT.",37,34
zeus_keyword_cloudline_raider,Cloudline Raider,ZEUS,CHARACTER,faction,mechanical change,"{""attack"": {""after"": 4, ""before"": 5}}",Trade one Attack for one Defense relative to Stormgate Adept instead of strictly outclassing it.,29,24
zeus_hera_protocol_warden,Hera Protocol Warden,ZEUS,CHARACTER,faction,retained,{},"Retain 5 GP: A4/D6, movement 2, range 1; keyword specialization VANGUARD.",30,27
zeus_ability_skyline_seer,Skyline Seer,ZEUS,CHARACTER,faction,retained,{},"Retain 5 GP: A4/D4, movement 3, range 2; keyword specialization SHARP_SHOT.",42,42
zeus_stormgate_adept,Stormgate Adept,ZEUS,CHARACTER,faction,retained,{},"Retain 5 GP: A5/D3, movement 3, range 2; keyword specialization BLINK.",43,42
zeus_tempest_oracle,Tempest Oracle,ZEUS,CHARACTER,faction,mechanical change,"{""cost"": {""after"": 5, ""before"": 4}}",Durable range-3 control carries a premium on the compact hex board.,48,39
zeus_eagle_of_the_high_grid,Eagle of the High Grid,ZEUS,CHARACTER,faction,retained,{},"Retain 6 GP: A6/D4, movement 4, range 3; stats-only body.",46,42
zeus_siege_thunder_ram,Thunder Ram,ZEUS,CHARACTER,faction,retained,{},"Retain 6 GP: A6/D5, movement 2, range 1; keyword specialization SIEGE.",28,27
zeus_keyword_thunderhead_guardian,Thunderhead Guardian,ZEUS,CHARACTER,faction,retained,{},"Retain 6 GP: A5/D6, movement 2, range 2; keyword specialization SHARP_SHOT.",38,39
zeus_keraunos_prime,Keraunos Prime,ZEUS,CHARACTER,faction,retained,{},"Retain 7 GP: A7/D6, movement 2, range 2; keyword specialization VANGUARD.",26,27
zeus_apex_keraunos_seraph,Keraunos Seraph,ZEUS,CHARACTER,faction,mechanical change,"{""cost"": {""after"": 8, ""before"": 7}}",Range 3 with movement 4 and Blink exceeds the 7-GP tier.,26,27
zeus_keyword_aetherbolt_avatar,Aetherbolt Avatar,ZEUS,CHARACTER,faction,mechanical change,"{""cost"": {""after"": 9, ""before"": 8}}",Pay for draw-on-entry in addition to the elite mobile ranged body.,24,25
zeus_apex_skyfather_archon,Skyfather Archon,ZEUS,CHARACTER,faction,mechanical change,"{""cost"": {""after"": 9, ""before"": 8}}",Price the durable ranged Blink finisher alongside comparable elites.,44,44
zeus_apex_olympian_storm_titan,Olympian Storm Titan,ZEUS,CHARACTER,faction,retained,{},"Retain 10 GP: A10/D11, movement 2, range 2; keyword specialization VANGUARD.",20,18
zeus_olympian_cloudbank,Olympian Cloudbank,ZEUS,LAND,faction,retained,{},"Retain turn-1 development: 5 HP, 1 base income, 0 gold; utility offset by activation payment/lower income or a free infrastructure baseline.",52,57
zeus_land_dawncloud_step,Dawncloud Step,ZEUS,LAND,faction,mechanical change,"{""hitPoints"": {""after"": 7, ""before"": 8}}",Keep a free turn-1 option while reducing the strict durability upgrade over earlier lands.,49,49
zeus_eagles_perch_array,Eagle's Perch Array,ZEUS,LAND,faction,retained,{},"Retain turn-1 development: 7 HP, 1 base income, 1 gold; paid terrain utility.",49,50
zeus_ionized_skyway,Ionized Skyway,ZEUS,LAND,faction,retained,{},"Retain turn-1 development: 6 HP, 1 base income, 1 gold; paid terrain utility.",43,49
zeus_ability_stormfront,Stormfront Plateau,ZEUS,LAND,faction,retained,{},"Retain turn-2 development: 7 HP, 1 base income, 0 gold; utility offset by activation payment/lower income or a free infrastructure baseline.",25,27
zeus_tutor_land_1,Stormwright's Approach,ZEUS,LAND,faction,mechanical change,"{""abilities"": {""after"": [{""amount"": 1, ""effect"": ""DRAW_STRUCTURE"", ""gpCost"": 2, ""trigger"": ""ACTIVATED""}], ""before"": [{""amount"": 1, ""effect"": ""DRAW_STRUCTURE"", ""gpCost"": 1, ""trigger"": ""ACTIVATED""}]}, ""archetypes"": {""after"": [""MUSTER_GROUND""], ""before"": []}}","Standardize typed draw at 2 GP. First two tiers stay free; later tiers pay 1/2/2 gold for durable draw engines, with faction utility on the final two tiers. Add Muster Ground or Recruitment grouping.",28,30
zeus_throneward_conduit,Throneward Conduit,ZEUS,LAND,faction,retained,{},"Retain turn-2 development: 9 HP, 1 base income, 0 gold; utility offset by activation payment/lower income or a free infrastructure baseline.",44,41
zeus_land_thunderstep_plateau,Thunderstep Plateau,ZEUS,LAND,faction,mechanical change,"{""developmentGoldCost"": {""after"": 1, ""before"": 0}, ""keywordValues"": {""after"": {""HIGH_GROUND"": {""amount"": 1, ""range"": 0}}, ""before"": {}}, ""keywords"": {""after"": [""HIGH_GROUND""], ""before"": []}}",Add faction-role utility; surcharge pays for the benefit beyond the free income/HP baseline.,34,36
zeus_tutor_land_2,Blinkway Plateau,ZEUS,LAND,faction,mechanical change,"{""abilities"": {""after"": [{""amount"": 1, ""effect"": ""DRAW_STRUCTURE"", ""gpCost"": 2, ""trigger"": ""ACTIVATED""}], ""before"": [{""amount"": 1, ""effect"": ""DRAW_STRUCTURE"", ""gpCost"": 1, ""trigger"": ""ACTIVATED""}]}, ""archetypes"": {""after"": [""MUSTER_GROUND""], ""before"": []}}","Standardize typed draw at 2 GP. First two tiers stay free; later tiers pay 1/2/2 gold for durable draw engines, with faction utility on the final two tiers. Add Muster Ground or Recruitment grouping.",36,33
zeus_land_aurora_reach,Aurora Reach,ZEUS,LAND,faction,mechanical change,"{""developmentGoldCost"": {""after"": 1, ""before"": 0}, ""keywordValues"": {""after"": {""WAYSTATION"": {""amount"": 1, ""range"": 0}}, ""before"": {}}, ""keywords"": {""after"": [""WAYSTATION""], ""before"": []}}",Add faction-role utility; surcharge pays for the benefit beyond the free income/HP baseline.,30,32
zeus_tutor_land_3,Far-Sight Cloudbank,ZEUS,LAND,faction,mechanical change,"{""archetypes"": {""after"": [""MUSTER_GROUND""], ""before"": []}, ""developmentGoldCost"": {""after"": 1, ""before"": 0}}","Standardize typed draw at 2 GP. First two tiers stay free; later tiers pay 1/2/2 gold for durable draw engines, with faction utility on the final two tiers. Add Muster Ground or Recruitment grouping.",34,33
zeus_apex_celestial_throne_grid,Celestial Throne Grid,ZEUS,LAND,faction,mechanical change,"{""developmentGoldCost"": {""after"": 2, ""before"": 0}, ""keywordValues"": {""after"": {""HIGH_GROUND"": {""amount"": 2, ""range"": 0}}, ""before"": {}}, ""keywords"": {""after"": [""HIGH_GROUND""], ""before"": []}}",Add faction-role utility; surcharge pays for the benefit beyond the free income/HP baseline.,39,37
zeus_land_empyrean_current,Empyrean Current,ZEUS,LAND,faction,retained,{},"Retain turn-7 development: 20 HP, 4 base income, 0 gold; utility offset by activation payment/lower income or a free infrastructure baseline.",30,35
zeus_tutor_land_4,Keraunic Assembly Field,ZEUS,LAND,faction,mechanical change,"{""archetypes"": {""after"": [""MUSTER_GROUND""], ""before"": []}, ""developmentGoldCost"": {""after"": 2, ""before"": 0}, ""keywordValues"": {""after"": {""HIGH_GROUND"": {""amount"": 1, ""range"": 0}}, ""before"": {}}, ""keywords"": {""after"": [""HIGH_GROUND""], ""before"": []}}","Standardize typed draw at 2 GP. First two tiers stay free; later tiers pay 1/2/2 gold for durable draw engines, with faction utility on the final two tiers. Add Muster Ground or Recruitment grouping.",28,24
zeus_tutor_land_5,Olympian Muster Sky,ZEUS,LAND,faction,mechanical change,"{""abilities"": {""after"": [{""amount"": 1, ""effect"": ""DRAW_STRUCTURE"", ""gpCost"": 2, ""trigger"": ""ACTIVATED""}], ""before"": [{""amount"": 1, ""effect"": ""DRAW_STRUCTURE"", ""gpCost"": 3, ""trigger"": ""ACTIVATED""}]}, ""archetypes"": {""after"": [""MUSTER_GROUND""], ""before"": []}, ""developmentGoldCost"": {""after"": 2, ""before"": 0}, ""keywordValues"": {""after"": {""HIGH_GROUND"": {""amount"": 1, ""range"": 0}}, ""before"": {}}, ""keywords"": {""after"": [""HIGH_GROUND""], ""before"": []}}","Standardize typed draw at 2 GP. First two tiers stay free; later tiers pay 1/2/2 gold for durable draw engines, with faction utility on the final two tiers. Add Muster Ground or Recruitment grouping.",25,28
zeus_aegis_of_the_sky,Aegis of the Sky,ZEUS,SPELL,faction,retained,{},"Retain 2-GP single-use effect: [{""amount"": 3, ""target"": ""FRIENDLY"", ""type"": ""BUFF_DEFENSE""}]; no extra price for rarity.",29,29
zeus_apex_divine_tailwind,Divine Tailwind,ZEUS,SPELL,faction,mechanical change,"{""archetypes"": {""after"": [""STORM""], ""before"": []}, ""cost"": {""after"": 2, ""before"": 5}}",Same teleport effect as Windstep; remove the cosmetic apex surcharge. Add or correct a searchable archetype from the card's explicit identity; no automatic stat bonus.,32,42
zeus_stormcharge,Stormcharge,ZEUS,SPELL,faction,mechanical change,"{""cost"": {""after"": 2, ""before"": 3}}",Match the price of other temporary +2 Attack spells.,33,36
zeus_windstep_protocol,Windstep Protocol,ZEUS,SPELL,faction,retained,{},"Retain 2-GP single-use effect: [{""amount"": 1, ""target"": ""FRIENDLY"", ""type"": ""TELEPORT_CHARACTER""}]; no extra price for rarity.",37,30
zeus_chain_lightning,Chain Lightning,ZEUS,SPELL,faction,retained,{},"Retain 3-GP single-use effect: [{""amount"": 4, ""target"": ""ENEMY"", ""type"": ""STRIKE_CHARACTER""}]; no extra price for rarity.",34,36
zeus_skybreaker_bolt,Skybreaker Bolt,ZEUS,SPELL,faction,retained,{},"Retain 4-GP single-use effect: [{""amount"": 4, ""target"": ""ENEMY"", ""type"": ""DAMAGE_PERMANENT""}]; no extra price for rarity.",37,42
zeus_apex_crownstorm_ascendance,Crownstorm Ascendance,ZEUS,SPELL,faction,mechanical change,"{""archetypes"": {""after"": [""STORM""], ""before"": []}, ""cost"": {""after"": 5, ""before"": 6}}",Discount temporary single-unit attack support relative to permanent removal. Add or correct a searchable archetype from the card's explicit identity; no automatic stat bonus.,29,32
zeus_apex_imperial_sky_aegis,Imperial Sky Aegis,ZEUS,SPELL,faction,mechanical change,"{""archetypes"": {""after"": [""STORM""], ""before"": []}, ""cost"": {""after"": 5, ""before"": 6}}",Keep a large defensive reaction affordable without making it removal. Add or correct a searchable archetype from the card's explicit identity; no automatic stat bonus.,32,38
zeus_apex_thunder_gods_verdict,Thunder God's Verdict,ZEUS,SPELL,faction,archetype only,"{""archetypes"": {""after"": [""STORM""], ""before"": []}}",Add or correct a searchable archetype from the card's explicit identity; no automatic stat bonus.,34,37
zeus_apex_wrath_of_olympus,Wrath of Olympus,ZEUS,SPELL,faction,archetype only,"{""archetypes"": {""after"": [""STORM""], ""before"": []}}",Add or correct a searchable archetype from the card's explicit identity; no automatic stat bonus.,39,35
zeus_storm_relay_pylon,Storm Relay Pylon,ZEUS,STRUCTURE,faction,retained,{},"Retain turn-1 development: 5 HP, 1 base income, 0 gold; utility offset by activation payment/lower income or a free infrastructure baseline.",46,48
zeus_cloudwall_bastion,Cloudwall Bastion,ZEUS,STRUCTURE,faction,retained,{},"Retain turn-2 development: 7 HP, 1 base income, 1 gold; paid terrain utility.",50,52
zeus_tutor_structure_1,Sparkstep Beacon,ZEUS,STRUCTURE,faction,mechanical change,"{""abilities"": {""after"": [{""amount"": 1, ""effect"": ""DRAW_CHARACTER"", ""gpCost"": 2, ""trigger"": ""ACTIVATED""}], ""before"": [{""amount"": 1, ""effect"": ""DRAW_CHARACTER"", ""gpCost"": 1, ""trigger"": ""ACTIVATED""}]}, ""archetypes"": {""after"": [""RECRUITMENT""], ""before"": []}}","Standardize typed draw at 2 GP. First two tiers stay free; later tiers pay 1/2/2 gold for durable draw engines, with faction utility on the final two tiers. Add Muster Ground or Recruitment grouping.",47,50
zeus_keraunos_charging_spire,Keraunos Charging Spire,ZEUS,STRUCTURE,faction,retained,{},"Retain turn-3 development: 8 HP, 2 base income, 0 gold; utility offset by activation payment/lower income or a free infrastructure baseline.",45,41
zeus_structure_stormglass_relay,Stormglass Relay,ZEUS,STRUCTURE,faction,mechanical change,"{""developmentGoldCost"": {""after"": 2, ""before"": 0}, ""keywordValues"": {""after"": {""WATCHTOWER"": {""amount"": 1, ""range"": 0}}, ""before"": {}}, ""keywords"": {""after"": [""WATCHTOWER""], ""before"": []}}",Add faction-role utility; surcharge pays for the benefit beyond the free income/HP baseline.,38,39
zeus_structure_aegis_conductor,Aegis Conductor,ZEUS,STRUCTURE,faction,mechanical change,"{""hitPoints"": {""after"": 12, ""before"": 15}}",Free turn-4 infrastructure trades utility for moderate durability.,32,32
zeus_tutor_structure_2,Cloudline Dispatch,ZEUS,STRUCTURE,faction,mechanical change,"{""abilities"": {""after"": [{""amount"": 1, ""effect"": ""DRAW_CHARACTER"", ""gpCost"": 2, ""trigger"": ""ACTIVATED""}], ""before"": [{""amount"": 1, ""effect"": ""DRAW_CHARACTER"", ""gpCost"": 1, ""trigger"": ""ACTIVATED""}]}, ""archetypes"": {""after"": [""RECRUITMENT""], ""before"": []}}","Standardize typed draw at 2 GP. First two tiers stay free; later tiers pay 1/2/2 gold for durable draw engines, with faction utility on the final two tiers. Add Muster Ground or Recruitment grouping.",36,33
zeus_ability_oracle_spire,Oracle Spire,ZEUS,STRUCTURE,faction,retained,{},"Retain turn-4 development: 10 HP, 1 base income, 0 gold; utility offset by activation payment/lower income or a free infrastructure baseline.",28,30
zeus_zeus_command_nexus,Zeus Command Nexus,ZEUS,STRUCTURE,faction,retained,{},"Retain turn-4 development: 11 HP, 1 base income, 0 gold; utility offset by activation payment/lower income or a free infrastructure baseline.",33,36
zeus_structure_cloud_archive,Cloud Archive,ZEUS,STRUCTURE,faction,retained,{},"Retain turn-6 development: 17 HP, 2 base income, 0 gold; utility offset by activation payment/lower income or a free infrastructure baseline.",30,28
zeus_tutor_structure_3,Sharp-Shot Observatory,ZEUS,STRUCTURE,faction,mechanical change,"{""archetypes"": {""after"": [""RECRUITMENT""], ""before"": []}, ""developmentGoldCost"": {""after"": 1, ""before"": 0}}","Standardize typed draw at 2 GP. First two tiers stay free; later tiers pay 1/2/2 gold for durable draw engines, with faction utility on the final two tiers. Add Muster Ground or Recruitment grouping.",32,30
zeus_tutor_structure_4,Seraphic Relay,ZEUS,STRUCTURE,faction,mechanical change,"{""archetypes"": {""after"": [""RECRUITMENT""], ""before"": []}, ""developmentGoldCost"": {""after"": 2, ""before"": 0}, ""keywordValues"": {""after"": {""WATCHTOWER"": {""amount"": 1, ""range"": 0}}, ""before"": {}}, ""keywords"": {""after"": [""WATCHTOWER""], ""before"": []}}","Standardize typed draw at 2 GP. First two tiers stay free; later tiers pay 1/2/2 gold for durable draw engines, with faction utility on the final two tiers. Add Muster Ground or Recruitment grouping.",35,32
zeus_apex_worldstorm_spire,Worldstorm Spire,ZEUS,STRUCTURE,faction,mechanical change,"{""developmentGoldCost"": {""after"": 3, ""before"": 0}, ""keywordValues"": {""after"": {""TURRET"": {""amount"": 2, ""range"": 2}}, ""before"": {}}, ""keywords"": {""after"": [""TURRET""], ""before"": []}}",Add faction-role utility; surcharge pays for the benefit beyond the free income/HP baseline.,33,33
zeus_structure_oracle_of_storms,Oracle of Storms,ZEUS,STRUCTURE,faction,mechanical change,"{""developmentGoldCost"": {""after"": 1, ""before"": 0}}","Late high-HP, high-income infrastructure also has a passive; add a modest utility surcharge.",30,30
zeus_tutor_structure_5,Skyfather's Summons,ZEUS,STRUCTURE,faction,mechanical change,"{""abilities"": {""after"": [{""amount"": 1, ""effect"": ""DRAW_CHARACTER"", ""gpCost"": 2, ""trigger"": ""ACTIVATED""}], ""before"": [{""amount"": 1, ""effect"": ""DRAW_CHARACTER"", ""gpCost"": 3, ""trigger"": ""ACTIVATED""}]}, ""archetypes"": {""after"": [""RECRUITMENT""], ""before"": []}, ""developmentGoldCost"": {""after"": 2, ""before"": 0}, ""keywordValues"": {""after"": {""WATCHTOWER"": {""amount"": 1, ""range"": 0}}, ""before"": {}}, ""keywords"": {""after"": [""WATCHTOWER""], ""before"": []}}","Standardize typed draw at 2 GP. First two tiers stay free; later tiers pay 1/2/2 gold for durable draw engines, with faction utility on the final two tiers. Add Muster Ground or Recruitment grouping.",27,29
